1148320,192,assets/ge007.u.117880.jfont_dl.bin,0,1
1148512,46848,assets/ge007.j.118660.jfont_chardata.bin,0,1
1195360,6784,assets/ge007.u.123040.efont_chardata.bin,0,1
1202144,1482432,assets/animationtable_entries.bin,0,1
2684576,59360,assets/animationtable_data.bin,0,1
2743936,5120,assets/ge007.u.29D160.Globalimagetable.bin,0,0
2749056,26608,assets/ge007.u.29E560.Globalimagetable_commandblock.bin,0,1
2775664,107904,assets/ge007.u.2A4D50.usedby7F008DE4.bin,0,1
2883568,20992,assets/ramrom/ramrom_Dam_1.bin,0,1
2904560,8144,assets/ramrom/ramrom_Dam_2.bin,0,1
2912704,6832,assets/ramrom/ramrom_Facility_1.bin,0,1
2919536,9184,assets/ramrom/ramrom_Facility_2.bin,0,1
2928720,7280,assets/ramrom/ramrom_Facility_3.bin,0,1
2936000,10064,assets/ramrom/ramrom_Runway_1.bin,0,1
2946064,10512,assets/ramrom/ramrom_Runway_2.bin,0,1
2956576,13200,assets/ramrom/ramrom_BunkerI_1.bin,0,1
2969776,21120,assets/ramrom/ramrom_BunkerI_2.bin,0,1
2990896,8592,assets/ramrom/ramrom_Silo_1.bin,0,1
2999488,8144,assets/ramrom/ramrom_Silo_2.bin,0,1
3007632,6576,assets/ramrom/ramrom_Frigate_1.bin,0,1
3014208,13536,assets/ramrom/ramrom_Frigate_2.bin,0,1
3027744,15856,assets/ramrom/ramrom_Train.bin,0,1
3043600,676,assets/font/font_first_font_table_controller_small.bin,0,1
3044276,8716,assets/font/font_second_font_table_controller_small.bin,0,1
3052992,676,assets/font/font_first_font_table_controller_large.bin,0,1
3053668,12956,assets/font/font_second_font_table_controller_large.bin,0,1
3066624,23488,assets/music/sfx.ctl,0,1
3090112,797360,assets/music/sfx.tbl,0,1
3887472,17312,assets/music/instruments.ctl,0,1
3904784,397216,assets/music/instruments.tbl,0,1
4302000,4,assets/music/number_music_samples,0,0
4302004,504,assets/music/table_music_data.bin,0,0
4302508,42,assets/music/Mno_music,1,1
4302550,470,assets/music/Msolo_death_abrev,1,1
4303020,2222,assets/music/Mintro_eye,1,1
4305242,3050,assets/music/Mtrain,1,1
4308292,3488,assets/music/Mdepot,1,1
4311780,3480,assets/music/Mjungle_unused,1,1
4315260,3520,assets/music/Mcitadel,1,1
4318780,2766,assets/music/Mfacility,1,1
4321546,2910,assets/music/Mcontrol,1,1
4324456,3588,assets/music/Mdam,1,1
4328044,3552,assets/music/Mfrigate,1,1
4331596,2388,assets/music/Marchives,1,1
4333984,3696,assets/music/Msilo,1,1
4337680,3948,assets/music/Mjungle_perimeter_unused,1,1
4341628,3330,assets/music/Mstreets,1,1
4344958,1650,assets/music/Mbunker1,1,1
4346608,1664,assets/music/Mbunker2,1,1
4348272,2456,assets/music/Mstatue,1,1
4350728,2522,assets/music/Melevator_control,1,1
4353250,3424,assets/music/Mcradle,1,1
4356674,42,assets/music/Mnull1,1,1
4356716,1606,assets/music/Melevator_wc,1,1
4358322,3482,assets/music/Megyptian,1,1
4361804,994,assets/music/Mfolders,1,1
4362798,498,assets/music/Mwatchmusic,1,1
4363296,3186,assets/music/Maztec,1,1
4366482,3628,assets/music/Mwatercaverns,1,1
4370110,870,assets/music/Mdeathsolo,1,1
4370980,3510,assets/music/Msurface2,1,1
4374490,2208,assets/music/Mtrainx,1,1
4376698,42,assets/music/Mnull2,1,1
4376740,2392,assets/music/Mfacilityx,1,1
4379132,1980,assets/music/Mdepotx,1,1
4381112,1352,assets/music/Mcontrolx,1,1
4382464,1876,assets/music/Mwatercavernsx,1,1
4384340,1312,assets/music/Mdamx,1,1
4385652,1474,assets/music/Mfrigatex,1,1
4387126,1828,assets/music/Marchivesx,1,1
4388954,2292,assets/music/Msilox,1,1
4391246,42,assets/music/Mnull3,1,1
4391288,1644,assets/music/Mstreetsx,1,1
4392932,1958,assets/music/Mbunker1x,1,1
4394890,1614,assets/music/Mbunker2x,1,1
4396504,2070,assets/music/Mjunglex,1,1
4398574,1074,assets/music/Mnint_rare_logo,1,1
4399648,1720,assets/music/Mstatuex,1,1
4401368,2262,assets/music/Maztecx,1,1
4403630,2224,assets/music/Megyptianx,1,1
4405854,1738,assets/music/Mcradlex,1,1
4407592,2122,assets/music/Mcuba,1,1
4409714,3358,assets/music/Mrunway,1,1
4413072,730,assets/music/Mrunway_plane,1,1
4413802,1832,assets/music/Msurface2x,1,1
4415634,1314,assets/music/Mwindblowing,1,1
4416948,524,assets/music/Mmultideath_alt,1,1
4417472,1928,assets/music/Mjungle,1,1
4419400,1570,assets/music/Mrunwayx,1,1
4420970,3432,assets/music/Msurface1,1,1
4424402,712,assets/music/Mmultiplayerdeath,1,1
4425114,1832,assets/music/Msurface1x,1,1
4426946,668,assets/music/Msurface2_ending,1,1
4427614,358,assets/music/Mstatue_ending,1,1
4427972,700,assets/music/Mfrigate_outro,1,1
4428672,69104,assets/obseg/bg/bg_sev_all_p.bin,0,0
4497776,331584,assets/obseg/bg/bg_silo_all_p.bin,0,0
4829360,139472,assets/obseg/bg/bg_stat_all_p.bin,0,1
4968832,189312,assets/obseg/bg/bg_arec_all_p.bin,0,1
5158144,154352,assets/obseg/bg/bg_arch_all_p.bin,0,1
5312496,132464,assets/obseg/bg/bg_tra_all_p.bin,0,1
5444960,186816,assets/obseg/bg/bg_dest_all_p.bin,0,1
5631776,109984,assets/obseg/bg/bg_sevb_all_p.bin,0,0
5741760,137808,assets/obseg/bg/bg_azt_all_p.bin,0,0
5879568,105520,assets/obseg/bg/bg_pete_all_p.bin,0,1
5985088,182640,assets/obseg/bg/bg_depo_all_p.bin,0,1
6167728,38416,assets/obseg/bg/bg_ref_all_p.bin,0,0
6206144,87728,assets/obseg/bg/bg_cryp_all_p.bin,0,0
6293872,197024,assets/obseg/bg/bg_dam_all_p.bin,0,1
6490896,200576,assets/obseg/bg/bg_ark_all_p.bin,0,1
6691472,41936,assets/obseg/bg/bg_run_all_p.bin,0,0
6733408,116176,assets/obseg/bg/bg_sevx_all_p.bin,0,0
6849584,86352,assets/obseg/bg/bg_jun_all_p.bin,0,1
6935936,18544,assets/obseg/bg/bg_dish_all_p.bin,0,0
6954480,148720,assets/obseg/bg/bg_cave_all_p.bin,0,1
7103200,21808,assets/obseg/bg/bg_cat_all_p.bin,0,0
7125008,66384,assets/obseg/bg/bg_crad_all_p.bin,0,0
7191392,0,assets/obseg/bg/bg_imp_all_p.bin,0,1
7191392,0,assets/obseg/bg/bg_ash_all_p.bin,0,1
7191392,0,assets/obseg/bg/bg_sho_all_p.bin,0,1
7191392,40800,assets/obseg/bg/bg_ame_all_p.bin,0,0
7232192,0,assets/obseg/bg/bg_oat_all_p.bin,0,1
7232192,28240,assets/obseg/bg/bg_rit_all_p.bin,0,0
7260432,0,assets/obseg/bg/bg_len_all_p.bin,0,1
7260432,0,assets/obseg/bg/bg_lee_all_p.bin,0,1
7260432,0,assets/obseg/bg/bg_ear_all_p.bin,0,1
7260432,4000,assets/obseg/bg/bg_lip_all_p.bin,0,0
7264432,0,assets/obseg/bg/bg_pam_all_p.bin,0,1
7264432,0,assets/obseg/bg/bg_wax_all_p.bin,0,1
7264432,9344,assets/obseg/chr/CarmourguardZ,1,1
7273776,14064,assets/obseg/chr/CbaronsamediZ,1,1
7287840,9968,assets/obseg/chr/CbluecamguardZ,1,1
7297808,7696,assets/obseg/chr/CbluemanZ,1,1
7305504,7872,assets/obseg/chr/CbluewomanZ,1,1
7313376,11280,assets/obseg/chr/CboilerbondZ,1,1
7324656,13952,assets/obseg/chr/CboilertrevZ,1,1
7338608,12576,assets/obseg/chr/CborisZ,1,1
7351184,9952,assets/obseg/chr/CcamguardZ,1,1
7361136,7680,assets/obseg/chr/CcardimanZ,1,1
7368816,7808,assets/obseg/chr/CcheckmanZ,1,1
7376624,9728,assets/obseg/chr/CcommguardZ,1,1
7386352,11920,assets/obseg/chr/CdjbondZ,1,1
7398272,7968,assets/obseg/chr/CfattechwomanZ,1,1
7406240,10016,assets/obseg/chr/Cgreatguard2Z,1,1
7416256,9856,assets/obseg/chr/CgreatguardZ,1,1
7426112,9936,assets/obseg/chr/CgreyguardZ,1,1
7436048,7616,assets/obseg/chr/CgreymanZ,1,1
7443664,1488,assets/obseg/chr/CheadalanZ,1,1
7445152,1392,assets/obseg/chr/CheadbZ,1,1
7446544,976,assets/obseg/chr/CheadbalaclavaZ,1,1
7447520,1696,assets/obseg/chr/CheadbikeZ,1,1
7449216,3408,assets/obseg/chr/CheadbrosnanZ,1,1
7452624,2976,assets/obseg/chr/CheadbrosnanboilerZ,1,1
7455600,3712,assets/obseg/chr/CheadbrosnansnowZ,1,1
7459312,3456,assets/obseg/chr/CheadbrosnansuitZ,1,1
7462768,3008,assets/obseg/chr/CheadbrosnantimberZ,1,1
7465776,1344,assets/obseg/chr/CheadchrisZ,1,1
7467120,1408,assets/obseg/chr/CheaddaveZ,1,1
7468528,1328,assets/obseg/chr/CheaddesZ,1,1
7469856,1312,assets/obseg/chr/CheadduncanZ,1,1
7471168,1408,assets/obseg/chr/CheaddwayneZ,1,1
7472576,1392,assets/obseg/chr/CheadgrahamZ,1,1
7473968,1328,assets/obseg/chr/CheadgrantZ,1,1
7475296,1328,assets/obseg/chr/CheadjimZ,1,1
7476624,1056,assets/obseg/chr/Cheadjoe2Z,1,1
7477680,1392,assets/obseg/chr/CheadjoeZ,1,1
7479072,1296,assets/obseg/chr/CheadjoelZ,1,1
7480368,1376,assets/obseg/chr/CheadkarlZ,1,1
7481744,1360,assets/obseg/chr/CheadkenZ,1,1
7483104,1408,assets/obseg/chr/CheadleeZ,1,1
7484512,1008,assets/obseg/chr/CheadmandyZ,1,1
7485520,1040,assets/obseg/chr/CheadmarionZ,1,1
7486560,1328,assets/obseg/chr/CheadmarkZ,1,1
7487888,1376,assets/obseg/chr/CheadmartinZ,1,1
7489264,1376,assets/obseg/chr/CheadmishkinZ,1,1
7490640,1312,assets/obseg/chr/CheadneilZ,1,1
7491952,1424,assets/obseg/chr/CheadpeteZ,1,1
7493376,1296,assets/obseg/chr/CheadrobinZ,1,1
7494672,1024,assets/obseg/chr/CheadsallyZ,1,1
7495696,1408,assets/obseg/chr/CheadscottZ,1,1
7497104,1504,assets/obseg/chr/CheadshaunZ,1,1
7498608,1360,assets/obseg/chr/CheadsteveeZ,1,1
7499968,1360,assets/obseg/chr/CheadstevehZ,1,1
7501328,1168,assets/obseg/chr/CheadvivienZ,1,1
7502496,11328,assets/obseg/chr/CjawsZ,1,1
7513824,8208,assets/obseg/chr/CjeanwomanZ,1,1
7522032,11168,assets/obseg/chr/CmaydayZ,1,1
7533200,8528,assets/obseg/chr/CmoonfemaleZ,1,1
7541728,9712,assets/obseg/chr/CmoonguardZ,1,1
7551440,14528,assets/obseg/chr/CnatalyaZ,1,1
7565968,9952,assets/obseg/chr/CnavyguardZ,1,1
7575920,12592,assets/obseg/chr/CoddjobZ,1,1
7588512,9808,assets/obseg/chr/ColiveguardZ,1,1
7598320,13360,assets/obseg/chr/CorumovZ,1,1
7611680,12416,assets/obseg/chr/CpilotZ,1,1
7624096,10032,assets/obseg/chr/CredmanZ,1,1
7634128,7216,assets/obseg/chr/CrusguardZ,1,1
7641344,13104,assets/obseg/chr/CsnowbondZ,1,1
7654448,11392,assets/obseg/chr/CsnowguardZ,1,1
7665840,14624,assets/obseg/chr/CspicebondZ,1,1
7680464,12832,assets/obseg/chr/Csuit_lf_handZ,1,1
7693296,11664,assets/obseg/chr/CsuitbondZ,1,1
7704960,9904,assets/obseg/chr/CtechmanZ,1,1
7714864,8176,assets/obseg/chr/CtechwomanZ,1,1
7723040,11568,assets/obseg/chr/CtimberbondZ,1,1
7734608,14288,assets/obseg/chr/CtrevelyanZ,1,1
7748896,9744,assets/obseg/chr/CtrevguardZ,1,1
7758640,12144,assets/obseg/chr/CvalentinZ,1,1
7770784,14832,assets/obseg/chr/CxeniaZ,1,1
7785616,2576,assets/obseg/gun/Gak47Z,1,1
7788192,912,assets/obseg/gun/GaudiotapeZ,1,1
7789104,6160,assets/obseg/gun/GautoshotZ,1,1
7795264,1536,assets/obseg/gun/GblackboxZ,1,1
7796800,256,assets/obseg/gun/GblueprintsZ,1,1
7797056,1936,assets/obseg/gun/GbombcaseZ,1,1
7798992,1520,assets/obseg/gun/GbombdefuserZ,1,1
7800512,1936,assets/obseg/gun/GbriefcaseZ,1,1
7802448,2416,assets/obseg/gun/GbugZ,1,1
7804864,848,assets/obseg/gun/GbugdetectorZ,1,1
7805712,848,assets/obseg/gun/GbungeeZ,1,1
7806560,1152,assets/obseg/gun/GcameraZ,1,1
7807712,608,assets/obseg/gun/GcartblueZ,1,1
7808320,304,assets/obseg/gun/GcartridgeZ,1,1
7808624,528,assets/obseg/gun/GcartrifleZ,1,1
7809152,512,assets/obseg/gun/GcartshellZ,1,1
7809664,320,assets/obseg/gun/GcircuitboardZ,1,1
7809984,496,assets/obseg/gun/GclipboardZ,1,1
7810480,848,assets/obseg/gun/GcreditcardZ,1,1
7811328,848,assets/obseg/gun/GdarkglassesZ,1,1
7812176,320,assets/obseg/gun/GdatathiefZ,1,1
7812496,368,assets/obseg/gun/GdattapeZ,1,1
7812864,1408,assets/obseg/gun/GdoordecoderZ,1,1
7814272,848,assets/obseg/gun/GdoorexploderZ,1,1
7815120,864,assets/obseg/gun/GdossierredZ,1,1
7815984,848,assets/obseg/gun/GdynamiteZ,1,1
7816832,592,assets/obseg/gun/GexplosivefloppyZ,1,1
7817424,848,assets/obseg/gun/GexplosivepenZ,1,1
7818272,2032,assets/obseg/gun/GextinguisherZ,1,1
7820304,848,assets/obseg/gun/GfingergunZ,1,1
7821152,5888,assets/obseg/gun/GfistZ,1,1
7827040,848,assets/obseg/gun/GflarepistolZ,1,1
7827888,3232,assets/obseg/gun/Gfnp90Z,1,1
7831120,2608,assets/obseg/gun/GgaskeyringZ,1,1
7833728,848,assets/obseg/gun/GgoldbarZ,1,1
7834576,2480,assets/obseg/gun/GgoldeneyekeyZ,1,1
7837056,6112,assets/obseg/gun/GgoldengunZ,1,1
7843168,6496,assets/obseg/gun/GgoldwppkZ,1,1
7849664,2608,assets/obseg/gun/GgrenadeZ,1,1
7852272,4224,assets/obseg/gun/GgrenadelaunchZ,1,1
7856496,848,assets/obseg/gun/GheroinZ,1,1
7857344,7856,assets/obseg/gun/GjoypadZ,1,1
7865200,1936,assets/obseg/gun/GkeyanalysercaseZ,1,1
7867136,2544,assets/obseg/gun/GkeyboltZ,1,1
7869680,304,assets/obseg/gun/GkeycardZ,1,1
7869984,3408,assets/obseg/gun/GkeyyaleZ,1,1
7873392,6864,assets/obseg/gun/GknifeZ,1,1
7880256,3568,assets/obseg/gun/GlaserZ,1,1
7883824,848,assets/obseg/gun/GlectreZ,1,1
7884672,848,assets/obseg/gun/GlockexploderZ,1,1
7885520,2592,assets/obseg/gun/Gm16Z,1,1
7888112,240,assets/obseg/gun/GmapZ,1,1
7888352,1600,assets/obseg/gun/GmicrocameraZ,1,1
7889952,848,assets/obseg/gun/GmicrocodeZ,1,1
7890800,848,assets/obseg/gun/GmicrofilmZ,1,1
7891648,848,assets/obseg/gun/GmoneyZ,1,1
7892496,3040,assets/obseg/gun/Gmp5kZ,1,1
7895536,3328,assets/obseg/gun/Gmp5ksilZ,1,1
7898864,848,assets/obseg/gun/GpitongunZ,1,1
7899712,464,assets/obseg/gun/GplansZ,1,1
7900176,848,assets/obseg/gun/GplastiqueZ,1,1
7901024,1376,assets/obseg/gun/GpolarizedglassesZ,1,1
7902400,2032,assets/obseg/gun/GproximitymineZ,1,1
7904432,2496,assets/obseg/gun/GremotemineZ,1,1
7906928,4640,assets/obseg/gun/GrocketlaunchZ,1,1
7911568,7568,assets/obseg/gun/GrugerZ,1,1
7919136,1936,assets/obseg/gun/GsafecrackercaseZ,1,1
7921072,3808,assets/obseg/gun/GshotgunZ,1,1
7924880,6496,assets/obseg/gun/GsilverwppkZ,1,1
7931376,4608,assets/obseg/gun/GskorpionZ,1,1
7935984,4208,assets/obseg/gun/GsniperrifleZ,1,1
7940192,3200,assets/obseg/gun/GspectreZ,1,1
7943392,848,assets/obseg/gun/GspooltapeZ,1,1
7944240,848,assets/obseg/gun/GspyfileZ,1,1
7945088,416,assets/obseg/gun/GstafflistZ,1,1
7945504,7776,assets/obseg/gun/GtaserZ,1,1
7953280,6896,assets/obseg/gun/GthrowknifeZ,1,1
7960176,2752,assets/obseg/gun/GtimedmineZ,1,1
7962928,13312,assets/obseg/gun/GtriggerZ,1,1
7976240,6944,assets/obseg/gun/Gtt33Z,1,1
7983184,2320,assets/obseg/gun/GuziZ,1,1
7985504,528,assets/obseg/gun/GvideotapeZ,1,1
7986032,5216,assets/obseg/gun/GwatchcommunicatorZ,1,1
7991248,5216,assets/obseg/gun/GwatchgeigercounterZ,1,1
7996464,5216,assets/obseg/gun/GwatchidentifierZ,1,1
8001680,13312,assets/obseg/gun/GwatchlaserZ,1,1
8014992,5200,assets/obseg/gun/GwatchmagnetattractZ,1,1
8020192,5216,assets/obseg/gun/GwatchmagnetrepelZ,1,1
8025408,1936,assets/obseg/gun/GweaponcaseZ,1,1
8027344,7312,assets/obseg/gun/GwppkZ,1,1
8034656,7488,assets/obseg/gun/GwppksilZ,1,1
8042144,848,assets/obseg/gun/GwristdartZ,1,1
8042992,9600,assets/obseg/prop/PICBMZ,1,1
8052592,1968,assets/obseg/prop/PICBM_noseZ,1,1
8054560,480,assets/obseg/prop/Pak47magZ,1,1
8055040,352,assets/obseg/prop/Palarm1Z,1,1
8055392,416,assets/obseg/prop/Palarm2Z,1,1
8055808,576,assets/obseg/prop/Pammo_crate1Z,1,1
8056384,576,assets/obseg/prop/Pammo_crate2Z,1,1
8056960,592,assets/obseg/prop/Pammo_crate3Z,1,1
8057552,624,assets/obseg/prop/Pammo_crate4Z,1,1
8058176,704,assets/obseg/prop/Pammo_crate5Z,1,1
8058880,7264,assets/obseg/prop/PapcZ,1,1
8066144,480,assets/obseg/prop/Parchsecdoor1Z,1,1
8066624,464,assets/obseg/prop/Parchsecdoor2Z,1,1
8067088,3584,assets/obseg/prop/ParticZ,1,1
8070672,2320,assets/obseg/prop/PartictrailerZ,1,1
8072992,576,assets/obseg/prop/PbarricadeZ,1,1
8073568,848,assets/obseg/prop/Pbin1Z,1,1
8074416,224,assets/obseg/prop/Pblotter1Z,1,1
8074640,1184,assets/obseg/prop/PbodyarmourZ,1,1
8075824,1056,assets/obseg/prop/PbodyarmourvestZ,1,1
8076880,512,assets/obseg/prop/PbollardZ,1,1
8077392,368,assets/obseg/prop/PbombZ,1,1
8077760,400,assets/obseg/prop/Pbook1Z,1,1
8078160,1776,assets/obseg/prop/Pbookshelf1Z,1,1
8079936,368,assets/obseg/prop/Pborg_crateZ,1,1
8080304,512,assets/obseg/prop/PboxcartridgesZ,1,1
8080816,1072,assets/obseg/prop/Pboxes2x4Z,1,1
8081888,1088,assets/obseg/prop/Pboxes3x4Z,1,1
8082976,1632,assets/obseg/prop/Pboxes4x4Z,1,1
8084608,880,assets/obseg/prop/PbrakeunitZ,1,1
8085488,1408,assets/obseg/prop/Pbridge_console1aZ,1,1
8086896,1376,assets/obseg/prop/Pbridge_console1bZ,1,1
8088272,1408,assets/obseg/prop/Pbridge_console2aZ,1,1
8089680,1264,assets/obseg/prop/Pbridge_console2bZ,1,1
8090944,1360,assets/obseg/prop/Pbridge_console3aZ,1,1
8092304,1424,assets/obseg/prop/Pbridge_console3bZ,1,1
8093728,3296,assets/obseg/prop/PcarbmwZ,1,1
8097024,512,assets/obseg/prop/Pcard_box1Z,1,1
8097536,576,assets/obseg/prop/Pcard_box2Z,1,1
8098112,496,assets/obseg/prop/Pcard_box3Z,1,1
8098608,432,assets/obseg/prop/Pcard_box4Z,1,1
8099040,512,assets/obseg/prop/Pcard_box5Z,1,1
8099552,496,assets/obseg/prop/Pcard_box6Z,1,1
8100048,3072,assets/obseg/prop/PcarescortZ,1,1
8103120,3120,assets/obseg/prop/PcargolfZ,1,1
8106240,4416,assets/obseg/prop/PcarweirdZ,1,1
8110656,5632,assets/obseg/prop/PcarzilZ,1,1
8116288,896,assets/obseg/prop/PcctvZ,1,1
8117184,1376,assets/obseg/prop/PchraudiotapeZ,1,1
8118560,864,assets/obseg/prop/PchrautoshotZ,1,1
8119424,2176,assets/obseg/prop/PchrblackboxZ,1,1
8121600,336,assets/obseg/prop/PchrblueprintsZ,1,1
8121936,496,assets/obseg/prop/PchrbombcaseZ,1,1
8122432,2272,assets/obseg/prop/PchrbombdefuserZ,1,1
8124704,400,assets/obseg/prop/PchrbriefcaseZ,1,1
8125104,3504,assets/obseg/prop/PchrbugZ,1,1
8128608,368,assets/obseg/prop/PchrbugdetectorZ,1,1
8128976,368,assets/obseg/prop/PchrbungeeZ,1,1
8129344,1680,assets/obseg/prop/PchrcameraZ,1,1
8131024,416,assets/obseg/prop/PchrcircuitboardZ,1,1
8131440,640,assets/obseg/prop/PchrclipboardZ,1,1
8132080,368,assets/obseg/prop/PchrcreditcardZ,1,1
8132448,368,assets/obseg/prop/PchrdarkglassesZ,1,1
8132816,416,assets/obseg/prop/PchrdatathiefZ,1,1
8133232,496,assets/obseg/prop/PchrdattapeZ,1,1
8133728,2144,assets/obseg/prop/PchrdoordecoderZ,1,1
8135872,368,assets/obseg/prop/PchrdoorexploderZ,1,1
8136240,1232,assets/obseg/prop/PchrdossierredZ,1,1
8137472,368,assets/obseg/prop/PchrdynamiteZ,1,1
8137840,368,assets/obseg/prop/PchrexplosivepenZ,1,1
8138208,1280,assets/obseg/prop/PchrextinguisherZ,1,1
8139488,368,assets/obseg/prop/PchrfingergunZ,1,1
8139856,368,assets/obseg/prop/PchrflarepistolZ,1,1
8140224,1120,assets/obseg/prop/Pchrfnp90Z,1,1
8141344,3856,assets/obseg/prop/PchrgaskeyringZ,1,1
8145200,368,assets/obseg/prop/PchrgoldbarZ,1,1
8145568,624,assets/obseg/prop/PchrgoldenZ,1,1
8146192,3744,assets/obseg/prop/PchrgoldeneyekeyZ,1,1
8149936,368,assets/obseg/prop/PchrgoldwppkZ,1,1
8150304,880,assets/obseg/prop/PchrgrenadeZ,1,1
8151184,912,assets/obseg/prop/PchrgrenadelaunchZ,1,1
8152096,624,assets/obseg/prop/PchrgrenaderoundZ,1,1
8152720,368,assets/obseg/prop/PchrheroinZ,1,1
8153088,1008,assets/obseg/prop/PchrkalashZ,1,1
8154096,496,assets/obseg/prop/PchrkeyanalysercaseZ,1,1
8154592,3744,assets/obseg/prop/PchrkeyboltZ,1,1
8158336,5216,assets/obseg/prop/PchrkeyyaleZ,1,1
8163552,512,assets/obseg/prop/PchrknifeZ,1,1
8164064,960,assets/obseg/prop/PchrlaserZ,1,1
8165024,368,assets/obseg/prop/PchrlectreZ,1,1
8165392,368,assets/obseg/prop/PchrlockexploderZ,1,1
8165760,976,assets/obseg/prop/Pchrm16Z,1,1
8166736,336,assets/obseg/prop/PchrmapZ,1,1
8167072,2288,assets/obseg/prop/PchrmicrocameraZ,1,1
8169360,368,assets/obseg/prop/PchrmicrocodeZ,1,1
8169728,368,assets/obseg/prop/PchrmicrofilmZ,1,1
8170096,368,assets/obseg/prop/PchrmoneyZ,1,1
8170464,896,assets/obseg/prop/Pchrmp5kZ,1,1
8171360,1040,assets/obseg/prop/Pchrmp5ksilZ,1,1
8172400,368,assets/obseg/prop/PchrpitongunZ,1,1
8172768,656,assets/obseg/prop/PchrplansZ,1,1
8173424,1120,assets/obseg/prop/PchrplastiqueZ,1,1
8174544,2240,assets/obseg/prop/PchrpolarizedglassesZ,1,1
8176784,1120,assets/obseg/prop/PchrproximitymineZ,1,1
8177904,1120,assets/obseg/prop/PchrremotemineZ,1,1
8179024,1456,assets/obseg/prop/PchrrocketZ,1,1
8180480,992,assets/obseg/prop/PchrrocketlaunchZ,1,1
8181472,992,assets/obseg/prop/PchrrugerZ,1,1
8182464,496,assets/obseg/prop/PchrsafecrackercaseZ,1,1
8182960,848,assets/obseg/prop/PchrshotgunZ,1,1
8183808,368,assets/obseg/prop/PchrsilverwppkZ,1,1
8184176,896,assets/obseg/prop/PchrskorpionZ,1,1
8185072,912,assets/obseg/prop/PchrsniperrifleZ,1,1
8185984,880,assets/obseg/prop/PchrspectreZ,1,1
8186864,368,assets/obseg/prop/PchrspooltapeZ,1,1
8187232,368,assets/obseg/prop/PchrspyfileZ,1,1
8187600,544,assets/obseg/prop/PchrstafflistZ,1,1
8188144,448,assets/obseg/prop/PchrtesttubeZ,1,1
8188592,544,assets/obseg/prop/PchrthrowknifeZ,1,1
8189136,1328,assets/obseg/prop/PchrtimedmineZ,1,1
8190464,656,assets/obseg/prop/Pchrtt33Z,1,1
8191120,720,assets/obseg/prop/PchruziZ,1,1
8191840,720,assets/obseg/prop/PchrvideotapeZ,1,1
8192560,512,assets/obseg/prop/PchrweaponcaseZ,1,1
8193072,576,assets/obseg/prop/PchrwppkZ,1,1
8193648,736,assets/obseg/prop/PchrwppksilZ,1,1
8194384,368,assets/obseg/prop/PchrwristdartZ,1,1
8194752,1664,assets/obseg/prop/Pconsole1Z,1,1
8196416,1664,assets/obseg/prop/Pconsole2Z,1,1
8198080,1680,assets/obseg/prop/Pconsole3Z,1,1
8199760,1056,assets/obseg/prop/Pconsole_sev2aZ,1,1
8200816,1216,assets/obseg/prop/Pconsole_sev2bZ,1,1
8202032,1088,assets/obseg/prop/Pconsole_sev2cZ,1,1
8203120,1072,assets/obseg/prop/Pconsole_sev2dZ,1,1
8204192,1072,assets/obseg/prop/Pconsole_sev_GEaZ,1,1
8205264,1072,assets/obseg/prop/Pconsole_sev_GEbZ,1,1
8206336,1152,assets/obseg/prop/Pconsole_sevaZ,1,1
8207488,1136,assets/obseg/prop/Pconsole_sevbZ,1,1
8208624,1072,assets/obseg/prop/Pconsole_sevcZ,1,1
8209696,1072,assets/obseg/prop/Pconsole_sevdZ,1,1
8210768,400,assets/obseg/prop/Pcryptdoor1aZ,1,1
8211168,400,assets/obseg/prop/Pcryptdoor1bZ,1,1
8211568,400,assets/obseg/prop/Pcryptdoor2aZ,1,1
8211968,400,assets/obseg/prop/Pcryptdoor2bZ,1,1
8212368,624,assets/obseg/prop/Pcryptdoor3Z,1,1
8212992,384,assets/obseg/prop/Pcryptdoor4Z,1,1
8213376,640,assets/obseg/prop/PdamchaindoorZ,1,1
8214016,544,assets/obseg/prop/PdamgatedoorZ,1,1
8214560,880,assets/obseg/prop/PdamtundoorZ,1,1
8215440,416,assets/obseg/prop/Pdepot_door_steelZ,1,1
8215856,576,assets/obseg/prop/Pdepot_gate_entryZ,1,1
8216432,384,assets/obseg/prop/Pdesk1Z,1,1
8216816,384,assets/obseg/prop/Pdesk2Z,1,1
8217200,576,assets/obseg/prop/Pdesk_arecibo1Z,1,1
8217776,768,assets/obseg/prop/Pdesk_lamp2Z,1,1
8218544,6384,assets/obseg/prop/Pdest_engineZ,1,1
8224928,1632,assets/obseg/prop/Pdest_exocetZ,1,1
8226560,1648,assets/obseg/prop/Pdest_gunZ,1,1
8228208,2208,assets/obseg/prop/Pdest_harpoonZ,1,1
8230416,4016,assets/obseg/prop/Pdest_seawolfZ,1,1
8234432,448,assets/obseg/prop/Pdisc_readerZ,1,1
8234880,400,assets/obseg/prop/Pdisk_drive1Z,1,1
8235280,384,assets/obseg/prop/Pdoor_azt_chairZ,1,1
8235664,1088,assets/obseg/prop/Pdoor_azt_deskZ,1,1
8236752,912,assets/obseg/prop/Pdoor_azt_desk_topZ,1,1
8237664,560,assets/obseg/prop/Pdoor_aztecZ,1,1
8238224,768,assets/obseg/prop/Pdoor_dest1Z,1,1
8238992,960,assets/obseg/prop/Pdoor_dest2Z,1,1
8239952,1376,assets/obseg/prop/Pdoor_eyelidZ,1,1
8241328,2640,assets/obseg/prop/Pdoor_irisZ,1,1
8243968,752,assets/obseg/prop/Pdoor_mfZ,1,1
8244720,880,assets/obseg/prop/Pdoor_roller1Z,1,1
8245600,576,assets/obseg/prop/Pdoor_roller2Z,1,1
8246176,576,assets/obseg/prop/Pdoor_roller3Z,1,1
8246752,608,assets/obseg/prop/Pdoor_roller4Z,1,1
8247360,304,assets/obseg/prop/Pdoor_rollertrainZ,1,1
8247664,608,assets/obseg/prop/Pdoor_st_arec1Z,1,1
8248272,736,assets/obseg/prop/Pdoor_st_arec2Z,1,1
8249008,416,assets/obseg/prop/Pdoor_winZ,1,1
8249424,1136,assets/obseg/prop/PdoorconsoleZ,1,1
8250560,880,assets/obseg/prop/PdoorpanelZ,1,1
8251440,336,assets/obseg/prop/Pdoorprison1Z,1,1
8251776,512,assets/obseg/prop/PdoorstatgateZ,1,1
8252288,288,assets/obseg/prop/PexplosionbitZ,1,1
8252576,384,assets/obseg/prop/Pfiling_cabinet1Z,1,1
8252960,304,assets/obseg/prop/PflagZ,1,1
8253264,800,assets/obseg/prop/PfloppyZ,1,1
8254064,416,assets/obseg/prop/Pfnp90magZ,1,1
8254480,896,assets/obseg/prop/Pgas_plant_met1_do1Z,1,1
8255376,480,assets/obseg/prop/Pgas_plant_sw2_do1Z,1,1
8255856,512,assets/obseg/prop/Pgas_plant_sw3_do1Z,1,1
8256368,352,assets/obseg/prop/Pgas_plant_sw4_do1Z,1,1
8256720,656,assets/obseg/prop/Pgas_plant_sw_do1Z,1,1
8257376,528,assets/obseg/prop/Pgas_plant_wc_cub1Z,1,1
8257904,528,assets/obseg/prop/PgasbarrelZ,1,1
8258432,1344,assets/obseg/prop/PgasbarrelsZ,1,1
8259776,1376,assets/obseg/prop/Pgasplant_clear_doorZ,1,1
8261152,1456,assets/obseg/prop/PgastankZ,1,1
8262608,352,assets/obseg/prop/Pglassware1Z,1,1
8262960,656,assets/obseg/prop/Pglassware2Z,1,1
8263616,528,assets/obseg/prop/Pglassware3Z,1,1
8264144,1408,assets/obseg/prop/Pglassware4Z,1,1
8265552,3760,assets/obseg/prop/PgoldeneyelogoZ,1,1
8269312,512,assets/obseg/prop/PgoldenshellsZ,1,1
8269824,2000,assets/obseg/prop/PgroundgunZ,1,1
8271824,1856,assets/obseg/prop/Pgun_runway1Z,1,1
8273680,672,assets/obseg/prop/PhatberetZ,1,1
8274352,720,assets/obseg/prop/PhatberetblueZ,1,1
8275072,736,assets/obseg/prop/PhatberetredZ,1,1
8275808,208,assets/obseg/prop/PhatchboltZ,1,1
8276016,544,assets/obseg/prop/PhatchdoorZ,1,1
8276560,368,assets/obseg/prop/PhatchsevxZ,1,1
8276928,560,assets/obseg/prop/PhatfurryZ,1,1
8277488,544,assets/obseg/prop/PhatfurryblackZ,1,1
8278032,528,assets/obseg/prop/PhatfurrybrownZ,1,1
8278560,560,assets/obseg/prop/PhathelmetZ,1,1
8279120,560,assets/obseg/prop/PhathelmetgreyZ,1,1
8279680,992,assets/obseg/prop/PhatmoonZ,1,1
8280672,784,assets/obseg/prop/PhatpeakedZ,1,1
8281456,592,assets/obseg/prop/PhattbirdZ,1,1
8282048,624,assets/obseg/prop/PhattbirdbrownZ,1,1
8282672,16928,assets/obseg/prop/PhelicopterZ,1,1
8299600,6000,assets/obseg/prop/PhindZ,1,1
8305600,4448,assets/obseg/prop/PjeepZ,1,1
8310048,608,assets/obseg/prop/Pjerry_can1Z,1,1
8310656,1920,assets/obseg/prop/Pjungle3_treeZ,1,1
8312576,1328,assets/obseg/prop/Pjungle5_treeZ,1,1
8313904,848,assets/obseg/prop/Pkey_holderZ,1,1
8314752,368,assets/obseg/prop/Pkeyboard1Z,1,1
8315120,672,assets/obseg/prop/Pkit_units1Z,1,1
8315792,976,assets/obseg/prop/PlabbenchZ,1,1
8316768,624,assets/obseg/prop/PlandmineZ,1,1
8317392,4032,assets/obseg/prop/PlegalpageZ,1,1
8321424,352,assets/obseg/prop/Pletter_tray1Z,1,1
8321776,400,assets/obseg/prop/Plocker3Z,1,1
8322176,400,assets/obseg/prop/Plocker4Z,1,1
8322576,320,assets/obseg/prop/Pm16magZ,1,1
8322896,512,assets/obseg/prop/PmagnumshellsZ,1,1
8323408,768,assets/obseg/prop/Pmainframe1Z,1,1
8324176,720,assets/obseg/prop/Pmainframe2Z,1,1
8324896,832,assets/obseg/prop/Pmetal_chair1Z,1,1
8325728,448,assets/obseg/prop/Pmetal_crate1Z,1,1
8326176,448,assets/obseg/prop/Pmetal_crate2Z,1,1
8326624,448,assets/obseg/prop/Pmetal_crate3Z,1,1
8327072,448,assets/obseg/prop/Pmetal_crate4Z,1,1
8327520,6368,assets/obseg/prop/PmilcopterZ,1,1
8333888,8960,assets/obseg/prop/PmiltruckZ,1,1
8342848,2576,assets/obseg/prop/Pmissile_rack2Z,1,1
8345424,992,assets/obseg/prop/Pmissile_rackZ,1,1
8346416,832,assets/obseg/prop/PmodemboxZ,1,1
8347248,3776,assets/obseg/prop/PmotorbikeZ,1,1
8351024,336,assets/obseg/prop/Pmp5kmagZ,1,1
8351360,10976,assets/obseg/prop/PnintendologoZ,1,1
8362336,624,assets/obseg/prop/Poil_drum1Z,1,1
8362960,752,assets/obseg/prop/Poil_drum2Z,1,1
8363712,752,assets/obseg/prop/Poil_drum3Z,1,1
8364464,752,assets/obseg/prop/Poil_drum5Z,1,1
8365216,784,assets/obseg/prop/Poil_drum6Z,1,1
8366000,768,assets/obseg/prop/Poil_drum7Z,1,1
8366768,2640,assets/obseg/prop/PpadlockZ,1,1
8369408,1104,assets/obseg/prop/PpalmZ,1,1
8370512,1232,assets/obseg/prop/PpalmtreeZ,1,1
8371744,320,assets/obseg/prop/Pphone1Z,1,1
8372064,9696,assets/obseg/prop/PplaneZ,1,1
8381760,960,assets/obseg/prop/Pplant11Z,1,1
8382720,912,assets/obseg/prop/Pplant1Z,1,1
8383632,864,assets/obseg/prop/Pplant2Z,1,1
8384496,1040,assets/obseg/prop/Pplant2bZ,1,1
8385536,1104,assets/obseg/prop/Pplant3Z,1,1
8386640,432,assets/obseg/prop/Pradio_unit1Z,1,1
8387072,448,assets/obseg/prop/Pradio_unit2Z,1,1
8387520,448,assets/obseg/prop/Pradio_unit3Z,1,1
8387968,448,assets/obseg/prop/Pradio_unit4Z,1,1
8388416,1632,assets/obseg/prop/ProofgunZ,1,1
8390048,848,assets/obseg/prop/PsafeZ,1,1
8390896,1264,assets/obseg/prop/PsafedoorZ,1,1
8392160,5488,assets/obseg/prop/Psat1_reflectZ,1,1
8397648,288,assets/obseg/prop/PsatboxZ,1,1
8397936,1120,assets/obseg/prop/PsatdishZ,1,1
8399056,416,assets/obseg/prop/Psec_panelZ,1,1
8399472,656,assets/obseg/prop/Psev_door3Z,1,1
8400128,912,assets/obseg/prop/Psev_door3_windZ,1,1
8401040,992,assets/obseg/prop/Psev_door4_windZ,1,1
8402032,848,assets/obseg/prop/Psev_doorZ,1,1
8402880,816,assets/obseg/prop/Psev_door_v1Z,1,1
8403696,944,assets/obseg/prop/Psev_trislideZ,1,1
8404640,3872,assets/obseg/prop/PsevdishZ,1,1
8408512,736,assets/obseg/prop/PsevdoormetslideZ,1,1
8409248,368,assets/obseg/prop/PsevdoornowindZ,1,1
8409616,1072,assets/obseg/prop/PsevdoorwindZ,1,1
8410688,944,assets/obseg/prop/PsevdoorwoodZ,1,1
8411632,10752,assets/obseg/prop/PshuttleZ,1,1
8422384,3120,assets/obseg/prop/Pshuttle_door_lZ,1,1
8425504,3328,assets/obseg/prop/Pshuttle_door_rZ,1,1
8428832,416,assets/obseg/prop/PsilencerZ,1,1
8429248,576,assets/obseg/prop/Psilo_lift_doorZ,1,1
8429824,752,assets/obseg/prop/PsilotopdoorZ,1,1
8430576,352,assets/obseg/prop/PskorpionmagZ,1,1
8430928,368,assets/obseg/prop/PspectremagZ,1,1
8431296,3392,assets/obseg/prop/PspeedboatZ,1,1
8434688,12608,assets/obseg/prop/Pst_pete_room_1iZ,1,1
8447296,12768,assets/obseg/prop/Pst_pete_room_2iZ,1,1
8460064,12096,assets/obseg/prop/Pst_pete_room_3tZ,1,1
8472160,13712,assets/obseg/prop/Pst_pete_room_5cZ,1,1
8485872,13328,assets/obseg/prop/Pst_pete_room_6cZ,1,1
8499200,624,assets/obseg/prop/Psteel_door1Z,1,1
8499824,688,assets/obseg/prop/Psteel_door2Z,1,1
8500512,720,assets/obseg/prop/Psteel_door2bZ,1,1
8501232,720,assets/obseg/prop/Psteel_door3Z,1,1
8501952,704,assets/obseg/prop/Pstool1Z,1,1
8502656,400,assets/obseg/prop/Pswipe_card2Z,1,1
8503056,656,assets/obseg/prop/Pswivel_chair1Z,1,1
8503712,6816,assets/obseg/prop/PtankZ,1,1
8510528,7824,assets/obseg/prop/PtigerZ,1,1
8518352,2176,assets/obseg/prop/Ptorpedo_rackZ,1,1
8520528,976,assets/obseg/prop/Ptrain_door2Z,1,1
8521504,1056,assets/obseg/prop/Ptrain_door3Z,1,1
8522560,624,assets/obseg/prop/Ptrain_doorZ,1,1
8523184,832,assets/obseg/prop/PtrainextdoorZ,1,1
8524016,320,assets/obseg/prop/Ptt33magZ,1,1
8524336,1312,assets/obseg/prop/Ptuning_console1Z,1,1
8525648,464,assets/obseg/prop/Ptv1Z,1,1
8526112,416,assets/obseg/prop/Ptv4screenZ,1,1
8526528,1744,assets/obseg/prop/Ptv_holderZ,1,1
8528272,208,assets/obseg/prop/PtvscreenZ,1,1
8528480,320,assets/obseg/prop/PuzimagZ,1,1
8528800,1552,assets/obseg/prop/PvertdoorZ,1,1
8530352,5552,assets/obseg/prop/PwalletbondZ,1,1
8535904,240,assets/obseg/prop/PwindowZ,1,1
8536144,224,assets/obseg/prop/Pwindow_cor11Z,1,1
8536368,224,assets/obseg/prop/Pwindow_lib_lg1Z,1,1
8536592,240,assets/obseg/prop/Pwindow_lib_sm1Z,1,1
8536832,640,assets/obseg/prop/Pwood_lg_crate1Z,1,1
8537472,544,assets/obseg/prop/Pwood_lg_crate2Z,1,1
8538016,544,assets/obseg/prop/Pwood_md_crate3Z,1,1
8538560,608,assets/obseg/prop/Pwood_sm_crate4Z,1,1
8539168,608,assets/obseg/prop/Pwood_sm_crate5Z,1,1
8539776,544,assets/obseg/prop/Pwood_sm_crate6Z,1,1
8540320,880,assets/obseg/prop/Pwooden_table1Z,1,1
8541200,320,assets/obseg/prop/PwppkmagZ,1,1
8541520,6448,assets/obseg/stan/Tbg_ame_all_p_stanZ,1,1
8547968,23792,assets/obseg/stan/Tbg_arch_all_p_stanZ,1,1
8571760,33616,assets/obseg/stan/Tbg_arec_all_p_stanZ,1,1
8605376,36800,assets/obseg/stan/Tbg_ark_all_p_stanZ,1,1
8642176,6448,assets/obseg/stan/Tbg_ash_all_p_stanZ,1,1
8648624,21888,assets/obseg/stan/Tbg_azt_all_p_stanZ,1,1
8670512,10032,assets/obseg/stan/Tbg_cat_all_p_stanZ,1,1
8680544,20208,assets/obseg/stan/Tbg_cave_all_p_stanZ,1,1
8700752,10512,assets/obseg/stan/Tbg_crad_all_p_stanZ,1,1
8711264,12400,assets/obseg/stan/Tbg_cryp_all_p_stanZ,1,1
8723664,41952,assets/obseg/stan/Tbg_dam_all_p_stanZ,1,1
8765616,28480,assets/obseg/stan/Tbg_depo_all_p_stanZ,1,1
8794096,26864,assets/obseg/stan/Tbg_dest_all_p_stanZ,1,1
8820960,2832,assets/obseg/stan/Tbg_dish_all_p_stanZ,1,1
8823792,6448,assets/obseg/stan/Tbg_imp_all_p_stanZ,1,1
8830240,29008,assets/obseg/stan/Tbg_jun_all_p_stanZ,1,1
8859248,2752,assets/obseg/stan/Tbg_len_all_p_stanZ,1,1
8862000,6400,assets/obseg/stan/Tbg_oat_all_p_stanZ,1,1
8868400,18064,assets/obseg/stan/Tbg_pete_all_p_stanZ,1,1
8886464,7632,assets/obseg/stan/Tbg_ref_all_p_stanZ,1,1
8894096,6784,assets/obseg/stan/Tbg_run_all_p_stanZ,1,1
8900880,15824,assets/obseg/stan/Tbg_sev_all_p_stanZ,1,1
8916704,20288,assets/obseg/stan/Tbg_sevb_all_p_stanZ,1,1
8936992,37680,assets/obseg/stan/Tbg_sevx_all_p_stanZ,1,1
8974672,37024,assets/obseg/stan/Tbg_silo_all_p_stanZ,1,1
9011696,20160,assets/obseg/stan/Tbg_stat_all_p_stanZ,1,1
9031856,9168,assets/obseg/stan/Tbg_tra_all_p_stanZ,1,1
9041024,32,assets/obseg/brief/UbriefarchZ,1,0
9041056,32,assets/obseg/brief/UbriefarkZ,1,0
9041088,32,assets/obseg/brief/UbriefaztZ,1,0
9041120,32,assets/obseg/brief/UbriefcaveZ,1,0
9041152,32,assets/obseg/brief/UbriefcontrolZ,1,0
9041184,32,assets/obseg/brief/UbriefcradZ,1,0
9041216,32,assets/obseg/brief/UbriefcrypZ,1,0
9041248,32,assets/obseg/brief/UbriefdamZ,1,0
9041280,32,assets/obseg/brief/UbriefdepoZ,1,0
9041312,32,assets/obseg/brief/UbriefdestZ,1,0
9041344,32,assets/obseg/brief/UbriefjunZ,1,0
9041376,32,assets/obseg/brief/UbriefpeteZ,1,0
9041408,32,assets/obseg/brief/UbriefrunZ,1,0
9041440,32,assets/obseg/brief/UbriefsevbZ,1,0
9041472,32,assets/obseg/brief/UbriefsevbunkerZ,1,0
9041504,32,assets/obseg/brief/UbriefsevxZ,1,0
9041536,32,assets/obseg/brief/UbriefsevxbZ,1,0
9041568,32,assets/obseg/brief/UbriefsiloZ,1,0
9041600,32,assets/obseg/brief/UbriefstatueZ,1,0
9041632,32,assets/obseg/brief/UbrieftraZ,1,0
9041664,1824,assets/obseg/setup/Ump_setupameZ,1,1
9043488,11680,assets/obseg/setup/j/Ump_setuparchZ,1,1
9055168,7488,assets/obseg/setup/Ump_setuparkZ,1,1
9062656,1776,assets/obseg/setup/Ump_setupashZ,1,1
9064432,9568,assets/obseg/setup/Ump_setupcaveZ,1,1
9074000,2400,assets/obseg/setup/Ump_setupcradZ,1,1
9076400,3424,assets/obseg/setup/Ump_setupcrypZ,1,1
9079824,1008,assets/obseg/setup/Ump_setupdishZ,1,1
9080832,1600,assets/obseg/setup/Ump_setupimpZ,1,1
9082432,848,assets/obseg/setup/Ump_setupoatZ,1,1
9083280,1040,assets/obseg/setup/Ump_setuprefZ,1,1
9084320,4880,assets/obseg/setup/Ump_setupsevbZ,1,1
9089200,3712,assets/obseg/setup/Ump_setupstatueZ,1,1
9092912,17936,assets/obseg/setup/UsetuparchZ,1,1
9110848,15248,assets/obseg/setup/UsetuparkZ,1,1
9126096,10496,assets/obseg/setup/UsetupaztZ,1,1
9136592,15968,assets/obseg/setup/UsetupcaveZ,1,1
9152560,15104,assets/obseg/setup/UsetupcontrolZ,1,1
9167664,7216,assets/obseg/setup/j/UsetupcradZ,1,1
9174880,7824,assets/obseg/setup/UsetupcrypZ,1,1
9182704,17104,assets/obseg/setup/UsetupdamZ,1,1
9199808,12176,assets/obseg/setup/UsetupdepoZ,1,1
9211984,9040,assets/obseg/setup/j/UsetupdestZ,1,1
9221024,14096,assets/obseg/setup/j/UsetupjunZ,1,1
9235120,1520,assets/obseg/setup/j/UsetuplenZ,1,1
9236640,12160,assets/obseg/setup/UsetuppeteZ,1,1
9248800,6240,assets/obseg/setup/UsetuprunZ,1,1
9255040,9824,assets/obseg/setup/UsetupsevbZ,1,1
9264864,6704,assets/obseg/setup/UsetupsevbunkerZ,1,1
9271568,17168,assets/obseg/setup/UsetupsevxZ,1,1
9288736,16624,assets/obseg/setup/UsetupsevxbZ,1,1
9305360,10944,assets/obseg/setup/j/UsetupsiloZ,1,1
9316304,10192,assets/obseg/setup/j/UsetupstatueZ,1,1
9326496,12864,assets/obseg/setup/j/UsetuptraZ,1,1
9339360,16,assets/obseg/text/LameE,1,0
9339376,16,assets/obseg/text/LameJ,1,0
9339392,1584,assets/obseg/text/LarchE,1,0
9340976,1632,assets/obseg/text/LarchJ,1,1
9342608,1488,assets/obseg/text/LarecE,1,0
9344096,1440,assets/obseg/text/j/LarecJ,1,1
9345536,1696,assets/obseg/text/LarkE,1,0
9347232,1680,assets/obseg/text/j/LarkJ,1,1
9348912,16,assets/obseg/text/LashE,1,0
9348928,16,assets/obseg/text/LashJ,1,0
9348944,1088,assets/obseg/text/LaztE,1,0
9350032,1104,assets/obseg/text/j/LaztJ,1,1
9351136,16,assets/obseg/text/LcatE,1,0
9351152,16,assets/obseg/text/LcatJ,1,0
9351168,1024,assets/obseg/text/LcaveE,1,0
9352192,1120,assets/obseg/text/LcaveJ,1,1
9353312,1232,assets/obseg/text/LcradE,1,0
9354544,1184,assets/obseg/text/j/LcradJ,1,1
9355728,592,assets/obseg/text/LcrypE,1,0
9356320,672,assets/obseg/text/j/LcrypJ,1,1
9356992,1104,assets/obseg/text/LdamE,1,0
9358096,1104,assets/obseg/text/j/LdamJ,1,1
9359200,880,assets/obseg/text/LdepoE,1,0
9360080,816,assets/obseg/text/j/LdepoJ,1,1
9360896,1168,assets/obseg/text/LdestE,1,0
9362064,1120,assets/obseg/text/LdestJ,1,1
9363184,16,assets/obseg/text/LdishE,1,0
9363200,16,assets/obseg/text/LdishJ,1,0
9363216,16,assets/obseg/text/LearE,1,0
9363232,16,assets/obseg/text/LearJ,1,0
9363248,16,assets/obseg/text/LeldE,1,0
9363264,16,assets/obseg/text/LeldJ,1,0
9363280,1824,assets/obseg/text/LgunE,1,0
9365104,1856,assets/obseg/text/j/LgunJ,1,1
9366960,16,assets/obseg/text/LimpE,1,0
9366976,16,assets/obseg/text/LimpJ,1,0
9366992,1312,assets/obseg/text/LjunE,1,0
9368304,1328,assets/obseg/text/j/LjunJ,1,1
9369632,16,assets/obseg/text/LleeE,1,0
9369648,16,assets/obseg/text/LleeJ,1,0
9369664,1712,assets/obseg/text/LlenE,1,0
9371376,1824,assets/obseg/text/j/LlenJ,1,1
9373200,16,assets/obseg/text/LlipE,1,0
9373216,16,assets/obseg/text/LlipJ,1,0
9373232,16,assets/obseg/text/LlueE,1,0
9373248,16,assets/obseg/text/LlueJ,1,0
9373264,688,assets/obseg/text/LmiscE,1,0
9373952,704,assets/obseg/text/j/LmiscJ,1,1
9374656,416,assets/obseg/text/LmpmenuE,1,0
9375072,416,assets/obseg/text/j/LmpmenuJ,1,1
9375488,192,assets/obseg/text/LmpweaponsE,1,0
9375680,208,assets/obseg/text/j/LmpweaponsJ,1,1
9375888,16,assets/obseg/text/LoatE,1,0
9375904,16,assets/obseg/text/LoatJ,1,0
9375920,560,assets/obseg/text/LoptionsE,1,0
9376480,576,assets/obseg/text/j/LoptionsJ,1,1
9377056,16,assets/obseg/text/LpamE,1,0
9377072,16,assets/obseg/text/LpamJ,1,0
9377088,1152,assets/obseg/text/LpeteE,1,0
9378240,1136,assets/obseg/text/j/LpeteJ,1,1
9379376,672,assets/obseg/text/LpropobjE,1,0
9380048,672,assets/obseg/text/j/LpropobjJ,1,1
9380720,16,assets/obseg/text/LrefE,1,0
9380736,16,assets/obseg/text/LrefJ,1,0
9380752,16,assets/obseg/text/LritE,1,0
9380768,16,assets/obseg/text/LritJ,1,0
9380784,624,assets/obseg/text/LrunE,1,0
9381408,656,assets/obseg/text/LrunJ,1,1
9382064,1376,assets/obseg/text/LsevE,1,0
9383440,1296,assets/obseg/text/j/LsevJ,1,1
9384736,1872,assets/obseg/text/LsevbE,1,0
9386608,2032,assets/obseg/text/j/LsevbJ,1,1
9388640,1120,assets/obseg/text/LsevxE,1,0
9389760,976,assets/obseg/text/j/LsevxJ,1,1
9390736,1168,assets/obseg/text/LsevxbE,1,0
9391904,1104,assets/obseg/text/LsevxbJ,1,1
9393008,16,assets/obseg/text/LshoE,1,0
9393024,16,assets/obseg/text/LshoJ,1,0
9393040,1456,assets/obseg/text/LsiloE,1,0
9394496,1520,assets/obseg/text/j/LsiloJ,1,1
9396016,2336,assets/obseg/text/LstatE,1,0
9398352,2128,assets/obseg/text/j/LstatJ,1,1
9400480,2832,assets/obseg/text/LtitleE,1,0
9403312,3056,assets/obseg/text/j/LtitleJ,1,1
9406368,1072,assets/obseg/text/LtraE,1,0
9407440,1104,assets/obseg/text/j/LtraJ,1,1
9408544,16,assets/obseg/text/LwaxE,1,0
9408560,16,assets/obseg/text/LwaxJ,1,0
9408576,16,assets/obseg/ob__ob_end.seg,0,1
