1144960,192,assets/ge007.u.117880.jfont_dl.bin,0,1
1145152,46848,assets/ge007.u.117940.jfont_chardata.bin,0,1
1192000,6784,assets/ge007.u.123040.efont_chardata.bin,0,1
1198784,1482432,assets/animationtable_entries.bin,0,1
2681216,59360,assets/animationtable_data.bin,0,1
2740576,2760,assets/ge007.u.29D160.Globalimagetable.bin,0,0
2745696,26608,assets/ge007.u.29E560.Globalimagetable_commandblock.bin,0,1
2772304,107904,assets/ge007.u.2A4D50.usedby7F008DE4.bin,0,1
2880208,20992,assets/ramrom/ramrom_Dam_1.bin,0,1
2901200,8144,assets/ramrom/ramrom_Dam_2.bin,0,1
2909344,6832,assets/ramrom/ramrom_Facility_1.bin,0,1
2916176,9184,assets/ramrom/ramrom_Facility_2.bin,0,1
2925360,7280,assets/ramrom/ramrom_Facility_3.bin,0,1
2932640,10064,assets/ramrom/ramrom_Runway_1.bin,0,1
2942704,10512,assets/ramrom/ramrom_Runway_2.bin,0,1
2953216,13200,assets/ramrom/ramrom_BunkerI_1.bin,0,1
2966416,21120,assets/ramrom/ramrom_BunkerI_2.bin,0,1
2987536,8592,assets/ramrom/ramrom_Silo_1.bin,0,1
2996128,8144,assets/ramrom/ramrom_Silo_2.bin,0,1
3004272,6576,assets/ramrom/ramrom_Frigate_1.bin,0,1
3010848,13536,assets/ramrom/ramrom_Frigate_2.bin,0,1
3024384,15856,assets/ramrom/ramrom_Train.bin,0,1
3040240,676,assets/font/font_first_font_table_controller_small.bin,0,1
3040916,8716,assets/font/font_second_font_table_controller_small.bin,0,1
3049632,676,assets/font/font_first_font_table_controller_large.bin,0,1
3050308,12956,assets/font/font_second_font_table_controller_large.bin,0,1
3063264,23488,assets/music/sfx.ctl,0,1
3086752,797360,assets/music/sfx.tbl,0,1
3884112,17312,assets/music/instruments.ctl,0,1
3901424,397216,assets/music/instruments.tbl,0,1
4298640,4,assets/music/number_music_samples,0,0
4298644,504,assets/music/table_music_data.bin,0,0
4299148,42,assets/music/Mno_music.bin,1,1
4299190,470,assets/music/Msolo_death_abrev.bin,1,1
4299660,2222,assets/music/Mintro_eye.bin,1,1
4301882,3050,assets/music/Mtrain.bin,1,1
4304932,3488,assets/music/Mdepot.bin,1,1
4308420,3480,assets/music/Mjungle_unused.bin,1,1
4311900,3520,assets/music/Mcitadel.bin,1,1
4315420,2766,assets/music/Mfacility.bin,1,1
4318186,2910,assets/music/Mcontrol.bin,1,1
4321096,3588,assets/music/Mdam.bin,1,1
4324684,3552,assets/music/Mfrigate.bin,1,1
4328236,2388,assets/music/Marchives.bin,1,1
4330624,3696,assets/music/Msilo.bin,1,1
4334320,3948,assets/music/Mjungle_perimeter_unused.bin,1,1
4338268,3330,assets/music/Mstreets.bin,1,1
4341598,1650,assets/music/Mbunker1.bin,1,1
4343248,1664,assets/music/Mbunker2.bin,1,1
4344912,2456,assets/music/Mstatue.bin,1,1
4347368,2522,assets/music/Melevator_control.bin,1,1
4349890,3424,assets/music/Mcradle.bin,1,1
4353314,42,assets/music/Mnull1.bin,1,1
4353356,1606,assets/music/Melevator_wc.bin,1,1
4354962,3482,assets/music/Megyptian.bin,1,1
4358444,994,assets/music/Mfolders.bin,1,1
4359438,498,assets/music/Mwatchmusic.bin,1,1
4359936,3186,assets/music/Maztec.bin,1,1
4363122,3628,assets/music/Mwatercaverns.bin,1,1
4366750,870,assets/music/Mdeathsolo.bin,1,1
4367620,3510,assets/music/Msurface2.bin,1,1
4371130,2208,assets/music/Mtrainx.bin,1,1
4373338,42,assets/music/Mnull2.bin,1,1
4373380,2392,assets/music/Mfacilityx.bin,1,1
4375772,1980,assets/music/Mdepotx.bin,1,1
4377752,1352,assets/music/Mcontrolx.bin,1,1
4379104,1876,assets/music/Mwatercavernsx.bin,1,1
4380980,1312,assets/music/Mdamx.bin,1,1
4382292,1474,assets/music/Mfrigatex.bin,1,1
4383766,1828,assets/music/Marchivesx.bin,1,1
4385594,2292,assets/music/Msilox.bin,1,1
4387886,42,assets/music/Mnull3.bin,1,1
4387928,1644,assets/music/Mstreetsx.bin,1,1
4389572,1958,assets/music/Mbunker1x.bin,1,1
4391530,1614,assets/music/Mbunker2x.bin,1,1
4393144,2070,assets/music/Mjunglex.bin,1,1
4395214,1074,assets/music/Mnint_rare_logo.bin,1,1
4396288,1720,assets/music/Mstatuex.bin,1,1
4398008,2262,assets/music/Maztecx.bin,1,1
4400270,2224,assets/music/Megyptianx.bin,1,1
4402494,1738,assets/music/Mcradlex.bin,1,1
4404232,2122,assets/music/Mcuba.bin,1,1
4406354,3358,assets/music/Mrunway.bin,1,1
4409712,730,assets/music/Mrunway_plane.bin,1,1
4410442,1832,assets/music/Msurface2x.bin,1,1
4412274,1314,assets/music/Mwindblowing.bin,1,1
4413588,524,assets/music/Mmultideath_alt.bin,1,1
4414112,1928,assets/music/Mjungle.bin,1,1
4416040,1570,assets/music/Mrunwayx.bin,1,1
4417610,3432,assets/music/Msurface1.bin,1,1
4421042,712,assets/music/Mmultiplayerdeath.bin,1,1
4421754,1832,assets/music/Msurface1x.bin,1,1
4423586,668,assets/music/Msurface2_ending.bin,1,1
4424254,358,assets/music/Mstatue_ending.bin,1,1
4424612,700,assets/music/Mfrigate_outro.bin,1,1
4425312,69104,assets/obseg/bg/bg_sev_all_p.bin,0,0
4494416,331584,assets/obseg/bg/bg_silo_all_p.bin,0,0
4826000,139472,assets/obseg/bg/bg_stat_all_p.bin,0,1
4965472,189312,assets/obseg/bg/bg_arec_all_p.bin,0,1
5154784,154352,assets/obseg/bg/bg_arch_all_p.bin,0,1
5309136,132464,assets/obseg/bg/bg_tra_all_p.bin,0,1
5441600,186816,assets/obseg/bg/bg_dest_all_p.bin,0,1
5628416,109984,assets/obseg/bg/bg_sevb_all_p.bin,0,0
5738400,137808,assets/obseg/bg/bg_azt_all_p.bin,0,0
5876208,105520,assets/obseg/bg/bg_pete_all_p.bin,0,1
5981728,182640,assets/obseg/bg/bg_depo_all_p.bin,0,1
6164368,38416,assets/obseg/bg/bg_ref_all_p.bin,0,0
6202784,87728,assets/obseg/bg/bg_cryp_all_p.bin,0,0
6290512,197024,assets/obseg/bg/bg_dam_all_p.bin,0,1
6487536,200576,assets/obseg/bg/bg_ark_all_p.bin,0,1
6688112,41936,assets/obseg/bg/bg_run_all_p.bin,0,0
6730048,116176,assets/obseg/bg/bg_sevx_all_p.bin,0,0
6846224,86352,assets/obseg/bg/bg_jun_all_p.bin,0,1
6932576,18544,assets/obseg/bg/bg_dish_all_p.bin,0,0
6951120,148720,assets/obseg/bg/bg_cave_all_p.bin,0,1
7099840,21808,assets/obseg/bg/bg_cat_all_p.bin,0,0
7121648,66384,assets/obseg/bg/bg_crad_all_p.bin,0,0
7188032,0,assets/obseg/bg/bg_imp_all_p.bin,0,1
7188032,0,assets/obseg/bg/bg_ash_all_p.bin,0,1
7188032,0,assets/obseg/bg/bg_sho_all_p.bin,0,1
7188032,40800,assets/obseg/bg/bg_ame_all_p.bin,0,0
7228832,0,assets/obseg/bg/bg_oat_all_p.bin,0,1
7228832,28240,assets/obseg/bg/bg_rit_all_p.bin,0,0
7257072,0,assets/obseg/bg/bg_len_all_p.bin,0,1
7257072,0,assets/obseg/bg/bg_lee_all_p.bin,0,1
7257072,0,assets/obseg/bg/bg_ear_all_p.bin,0,1
7257072,4000,assets/obseg/bg/bg_lip_all_p.bin,0,0
7261072,0,assets/obseg/bg/bg_pam_all_p.bin,0,1
7261072,0,assets/obseg/bg/bg_wax_all_p.bin,0,1
7261072,9344,assets/obseg/chr/CarmourguardZ.bin,1,1
7270416,14064,assets/obseg/chr/CbaronsamediZ.bin,1,1
7284480,9968,assets/obseg/chr/CbluecamguardZ.bin,1,1
7294448,7696,assets/obseg/chr/CbluemanZ.bin,1,1
7302144,7872,assets/obseg/chr/CbluewomanZ.bin,1,1
7310016,11280,assets/obseg/chr/CboilerbondZ.bin,1,1
7321296,13952,assets/obseg/chr/CboilertrevZ.bin,1,1
7335248,12576,assets/obseg/chr/CborisZ.bin,1,1
7347824,9952,assets/obseg/chr/CcamguardZ.bin,1,1
7357776,7680,assets/obseg/chr/CcardimanZ.bin,1,1
7365456,7808,assets/obseg/chr/CcheckmanZ.bin,1,1
7373264,9728,assets/obseg/chr/CcommguardZ.bin,1,1
7382992,11920,assets/obseg/chr/CdjbondZ.bin,1,1
7394912,7968,assets/obseg/chr/CfattechwomanZ.bin,1,1
7402880,10016,assets/obseg/chr/Cgreatguard2Z.bin,1,1
7412896,9856,assets/obseg/chr/CgreatguardZ.bin,1,1
7422752,9936,assets/obseg/chr/CgreyguardZ.bin,1,1
7432688,7616,assets/obseg/chr/CgreymanZ.bin,1,1
7440304,1488,assets/obseg/chr/CheadalanZ.bin,1,1
7441792,1392,assets/obseg/chr/CheadbZ.bin,1,1
7443184,976,assets/obseg/chr/CheadbalaclavaZ.bin,1,1
7444160,1696,assets/obseg/chr/CheadbikeZ.bin,1,1
7445856,3408,assets/obseg/chr/CheadbrosnanZ.bin,1,1
7449264,2976,assets/obseg/chr/CheadbrosnanboilerZ.bin,1,1
7452240,3712,assets/obseg/chr/CheadbrosnansnowZ.bin,1,1
7455952,3456,assets/obseg/chr/CheadbrosnansuitZ.bin,1,1
7459408,3008,assets/obseg/chr/CheadbrosnantimberZ.bin,1,1
7462416,1344,assets/obseg/chr/CheadchrisZ.bin,1,1
7463760,1408,assets/obseg/chr/CheaddaveZ.bin,1,1
7465168,1328,assets/obseg/chr/CheaddesZ.bin,1,1
7466496,1312,assets/obseg/chr/CheadduncanZ.bin,1,1
7467808,1408,assets/obseg/chr/CheaddwayneZ.bin,1,1
7469216,1392,assets/obseg/chr/CheadgrahamZ.bin,1,1
7470608,1328,assets/obseg/chr/CheadgrantZ.bin,1,1
7471936,1328,assets/obseg/chr/CheadjimZ.bin,1,1
7473264,1056,assets/obseg/chr/Cheadjoe2Z.bin,1,1
7474320,1392,assets/obseg/chr/CheadjoeZ.bin,1,1
7475712,1296,assets/obseg/chr/CheadjoelZ.bin,1,1
7477008,1376,assets/obseg/chr/CheadkarlZ.bin,1,1
7478384,1360,assets/obseg/chr/CheadkenZ.bin,1,1
7479744,1408,assets/obseg/chr/CheadleeZ.bin,1,1
7481152,1008,assets/obseg/chr/CheadmandyZ.bin,1,1
7482160,1040,assets/obseg/chr/CheadmarionZ.bin,1,1
7483200,1328,assets/obseg/chr/CheadmarkZ.bin,1,1
7484528,1376,assets/obseg/chr/CheadmartinZ.bin,1,1
7485904,1376,assets/obseg/chr/CheadmishkinZ.bin,1,1
7487280,1312,assets/obseg/chr/CheadneilZ.bin,1,1
7488592,1424,assets/obseg/chr/CheadpeteZ.bin,1,1
7490016,1296,assets/obseg/chr/CheadrobinZ.bin,1,1
7491312,1024,assets/obseg/chr/CheadsallyZ.bin,1,1
7492336,1408,assets/obseg/chr/CheadscottZ.bin,1,1
7493744,1504,assets/obseg/chr/CheadshaunZ.bin,1,1
7495248,1360,assets/obseg/chr/CheadsteveeZ.bin,1,1
7496608,1360,assets/obseg/chr/CheadstevehZ.bin,1,1
7497968,1168,assets/obseg/chr/CheadvivienZ.bin,1,1
7499136,11328,assets/obseg/chr/CjawsZ.bin,1,1
7510464,8208,assets/obseg/chr/CjeanwomanZ.bin,1,1
7518672,11168,assets/obseg/chr/CmaydayZ.bin,1,1
7529840,8528,assets/obseg/chr/CmoonfemaleZ.bin,1,1
7538368,9712,assets/obseg/chr/CmoonguardZ.bin,1,1
7548080,14528,assets/obseg/chr/CnatalyaZ.bin,1,1
7562608,9952,assets/obseg/chr/CnavyguardZ.bin,1,1
7572560,12592,assets/obseg/chr/CoddjobZ.bin,1,1
7585152,9808,assets/obseg/chr/ColiveguardZ.bin,1,1
7594960,13360,assets/obseg/chr/CorumovZ.bin,1,1
7608320,12416,assets/obseg/chr/CpilotZ.bin,1,1
7620736,10032,assets/obseg/chr/CredmanZ.bin,1,1
7630768,7216,assets/obseg/chr/CrusguardZ.bin,1,1
7637984,13104,assets/obseg/chr/CsnowbondZ.bin,1,1
7651088,11392,assets/obseg/chr/CsnowguardZ.bin,1,1
7662480,14624,assets/obseg/chr/CspicebondZ.bin,1,1
7677104,12832,assets/obseg/chr/Csuit_lf_handZ.bin,1,1
7689936,11664,assets/obseg/chr/CsuitbondZ.bin,1,1
7701600,9904,assets/obseg/chr/CtechmanZ.bin,1,1
7711504,8176,assets/obseg/chr/CtechwomanZ.bin,1,1
7719680,11568,assets/obseg/chr/CtimberbondZ.bin,1,1
7731248,14288,assets/obseg/chr/CtrevelyanZ.bin,1,1
7745536,9744,assets/obseg/chr/CtrevguardZ.bin,1,1
7755280,12144,assets/obseg/chr/CvalentinZ.bin,1,1
7767424,14832,assets/obseg/chr/CxeniaZ.bin,1,1
7782256,2576,assets/obseg/gun/Gak47Z.bin,1,1
7784832,912,assets/obseg/gun/GaudiotapeZ.bin,1,1
7785744,6160,assets/obseg/gun/GautoshotZ.bin,1,1
7791904,1536,assets/obseg/gun/GblackboxZ.bin,1,1
7793440,256,assets/obseg/gun/GblueprintsZ.bin,1,1
7793696,1936,assets/obseg/gun/GbombcaseZ.bin,1,1
7795632,1520,assets/obseg/gun/GbombdefuserZ.bin,1,1
7797152,1936,assets/obseg/gun/GbriefcaseZ.bin,1,1
7799088,2416,assets/obseg/gun/GbugZ.bin,1,1
7801504,848,assets/obseg/gun/GbugdetectorZ.bin,1,1
7802352,848,assets/obseg/gun/GbungeeZ.bin,1,1
7803200,1152,assets/obseg/gun/GcameraZ.bin,1,1
7804352,608,assets/obseg/gun/GcartblueZ.bin,1,1
7804960,304,assets/obseg/gun/GcartridgeZ.bin,1,1
7805264,528,assets/obseg/gun/GcartrifleZ.bin,1,1
7805792,512,assets/obseg/gun/GcartshellZ.bin,1,1
7806304,320,assets/obseg/gun/GcircuitboardZ.bin,1,1
7806624,496,assets/obseg/gun/GclipboardZ.bin,1,1
7807120,848,assets/obseg/gun/GcreditcardZ.bin,1,1
7807968,848,assets/obseg/gun/GdarkglassesZ.bin,1,1
7808816,320,assets/obseg/gun/GdatathiefZ.bin,1,1
7809136,368,assets/obseg/gun/GdattapeZ.bin,1,1
7809504,1408,assets/obseg/gun/GdoordecoderZ.bin,1,1
7810912,848,assets/obseg/gun/GdoorexploderZ.bin,1,1
7811760,864,assets/obseg/gun/GdossierredZ.bin,1,1
7812624,848,assets/obseg/gun/GdynamiteZ.bin,1,1
7813472,592,assets/obseg/gun/GexplosivefloppyZ.bin,1,1
7814064,848,assets/obseg/gun/GexplosivepenZ.bin,1,1
7814912,2032,assets/obseg/gun/GextinguisherZ.bin,1,1
7816944,848,assets/obseg/gun/GfingergunZ.bin,1,1
7817792,5888,assets/obseg/gun/GfistZ.bin,1,1
7823680,848,assets/obseg/gun/GflarepistolZ.bin,1,1
7824528,3232,assets/obseg/gun/Gfnp90Z.bin,1,1
7827760,2608,assets/obseg/gun/GgaskeyringZ.bin,1,1
7830368,848,assets/obseg/gun/GgoldbarZ.bin,1,1
7831216,2480,assets/obseg/gun/GgoldeneyekeyZ.bin,1,1
7833696,6112,assets/obseg/gun/GgoldengunZ.bin,1,1
7839808,6496,assets/obseg/gun/GgoldwppkZ.bin,1,1
7846304,2608,assets/obseg/gun/GgrenadeZ.bin,1,1
7848912,4224,assets/obseg/gun/GgrenadelaunchZ.bin,1,1
7853136,848,assets/obseg/gun/GheroinZ.bin,1,1
7853984,7856,assets/obseg/gun/GjoypadZ.bin,1,1
7861840,1936,assets/obseg/gun/GkeyanalysercaseZ.bin,1,1
7863776,2544,assets/obseg/gun/GkeyboltZ.bin,1,1
7866320,304,assets/obseg/gun/GkeycardZ.bin,1,1
7866624,3408,assets/obseg/gun/GkeyyaleZ.bin,1,1
7870032,6864,assets/obseg/gun/GknifeZ.bin,1,1
7876896,3568,assets/obseg/gun/GlaserZ.bin,1,1
7880464,848,assets/obseg/gun/GlectreZ.bin,1,1
7881312,848,assets/obseg/gun/GlockexploderZ.bin,1,1
7882160,2592,assets/obseg/gun/Gm16Z.bin,1,1
7884752,240,assets/obseg/gun/GmapZ.bin,1,1
7884992,1600,assets/obseg/gun/GmicrocameraZ.bin,1,1
7886592,848,assets/obseg/gun/GmicrocodeZ.bin,1,1
7887440,848,assets/obseg/gun/GmicrofilmZ.bin,1,1
7888288,848,assets/obseg/gun/GmoneyZ.bin,1,1
7889136,3040,assets/obseg/gun/Gmp5kZ.bin,1,1
7892176,3328,assets/obseg/gun/Gmp5ksilZ.bin,1,1
7895504,848,assets/obseg/gun/GpitongunZ.bin,1,1
7896352,464,assets/obseg/gun/GplansZ.bin,1,1
7896816,848,assets/obseg/gun/GplastiqueZ.bin,1,1
7897664,1376,assets/obseg/gun/GpolarizedglassesZ.bin,1,1
7899040,2032,assets/obseg/gun/GproximitymineZ.bin,1,1
7901072,2496,assets/obseg/gun/GremotemineZ.bin,1,1
7903568,4640,assets/obseg/gun/GrocketlaunchZ.bin,1,1
7908208,7568,assets/obseg/gun/GrugerZ.bin,1,1
7915776,1936,assets/obseg/gun/GsafecrackercaseZ.bin,1,1
7917712,3808,assets/obseg/gun/GshotgunZ.bin,1,1
7921520,6496,assets/obseg/gun/GsilverwppkZ.bin,1,1
7928016,4608,assets/obseg/gun/GskorpionZ.bin,1,1
7932624,4208,assets/obseg/gun/GsniperrifleZ.bin,1,1
7936832,3200,assets/obseg/gun/GspectreZ.bin,1,1
7940032,848,assets/obseg/gun/GspooltapeZ.bin,1,1
7940880,848,assets/obseg/gun/GspyfileZ.bin,1,1
7941728,416,assets/obseg/gun/GstafflistZ.bin,1,1
7942144,7776,assets/obseg/gun/GtaserZ.bin,1,1
7949920,6896,assets/obseg/gun/GthrowknifeZ.bin,1,1
7956816,2752,assets/obseg/gun/GtimedmineZ.bin,1,1
7959568,13312,assets/obseg/gun/GtriggerZ.bin,1,1
7972880,6944,assets/obseg/gun/Gtt33Z.bin,1,1
7979824,2320,assets/obseg/gun/GuziZ.bin,1,1
7982144,528,assets/obseg/gun/GvideotapeZ.bin,1,1
7982672,5216,assets/obseg/gun/GwatchcommunicatorZ.bin,1,1
7987888,5216,assets/obseg/gun/GwatchgeigercounterZ.bin,1,1
7993104,5216,assets/obseg/gun/GwatchidentifierZ.bin,1,1
7998320,13312,assets/obseg/gun/GwatchlaserZ.bin,1,1
8011632,5200,assets/obseg/gun/GwatchmagnetattractZ.bin,1,1
8016832,5216,assets/obseg/gun/GwatchmagnetrepelZ.bin,1,1
8022048,1936,assets/obseg/gun/GweaponcaseZ.bin,1,1
8023984,7312,assets/obseg/gun/GwppkZ.bin,1,1
8031296,7488,assets/obseg/gun/GwppksilZ.bin,1,1
8038784,848,assets/obseg/gun/GwristdartZ.bin,1,1
8039632,9600,assets/obseg/prop/PICBMZ.bin,1,1
8049232,1968,assets/obseg/prop/PICBM_noseZ.bin,1,1
8051200,480,assets/obseg/prop/Pak47magZ.bin,1,1
8051680,352,assets/obseg/prop/Palarm1Z.bin,1,1
8052032,416,assets/obseg/prop/Palarm2Z.bin,1,1
8052448,576,assets/obseg/prop/Pammo_crate1Z.bin,1,1
8053024,576,assets/obseg/prop/Pammo_crate2Z.bin,1,1
8053600,592,assets/obseg/prop/Pammo_crate3Z.bin,1,1
8054192,624,assets/obseg/prop/Pammo_crate4Z.bin,1,1
8054816,704,assets/obseg/prop/Pammo_crate5Z.bin,1,1
8055520,7264,assets/obseg/prop/PapcZ.bin,1,1
8062784,480,assets/obseg/prop/Parchsecdoor1Z.bin,1,1
8063264,464,assets/obseg/prop/Parchsecdoor2Z.bin,1,1
8063728,3584,assets/obseg/prop/ParticZ.bin,1,1
8067312,2320,assets/obseg/prop/PartictrailerZ.bin,1,1
8069632,576,assets/obseg/prop/PbarricadeZ.bin,1,1
8070208,848,assets/obseg/prop/Pbin1Z.bin,1,1
8071056,224,assets/obseg/prop/Pblotter1Z.bin,1,1
8071280,1184,assets/obseg/prop/PbodyarmourZ.bin,1,1
8072464,1056,assets/obseg/prop/PbodyarmourvestZ.bin,1,1
8073520,512,assets/obseg/prop/PbollardZ.bin,1,1
8074032,368,assets/obseg/prop/PbombZ.bin,1,1
8074400,400,assets/obseg/prop/Pbook1Z.bin,1,1
8074800,1776,assets/obseg/prop/Pbookshelf1Z.bin,1,1
8076576,368,assets/obseg/prop/Pborg_crateZ.bin,1,1
8076944,512,assets/obseg/prop/PboxcartridgesZ.bin,1,1
8077456,1072,assets/obseg/prop/Pboxes2x4Z.bin,1,1
8078528,1088,assets/obseg/prop/Pboxes3x4Z.bin,1,1
8079616,1632,assets/obseg/prop/Pboxes4x4Z.bin,1,1
8081248,880,assets/obseg/prop/PbrakeunitZ.bin,1,1
8082128,1408,assets/obseg/prop/Pbridge_console1aZ.bin,1,1
8083536,1376,assets/obseg/prop/Pbridge_console1bZ.bin,1,1
8084912,1408,assets/obseg/prop/Pbridge_console2aZ.bin,1,1
8086320,1264,assets/obseg/prop/Pbridge_console2bZ.bin,1,1
8087584,1360,assets/obseg/prop/Pbridge_console3aZ.bin,1,1
8088944,1424,assets/obseg/prop/Pbridge_console3bZ.bin,1,1
8090368,3296,assets/obseg/prop/PcarbmwZ.bin,1,1
8093664,512,assets/obseg/prop/Pcard_box1Z.bin,1,1
8094176,576,assets/obseg/prop/Pcard_box2Z.bin,1,1
8094752,496,assets/obseg/prop/Pcard_box3Z.bin,1,1
8095248,432,assets/obseg/prop/Pcard_box4Z.bin,1,1
8095680,512,assets/obseg/prop/Pcard_box5Z.bin,1,1
8096192,496,assets/obseg/prop/Pcard_box6Z.bin,1,1
8096688,3072,assets/obseg/prop/PcarescortZ.bin,1,1
8099760,3120,assets/obseg/prop/PcargolfZ.bin,1,1
8102880,4416,assets/obseg/prop/PcarweirdZ.bin,1,1
8107296,5632,assets/obseg/prop/PcarzilZ.bin,1,1
8112928,896,assets/obseg/prop/PcctvZ.bin,1,1
8113824,1376,assets/obseg/prop/PchraudiotapeZ.bin,1,1
8115200,864,assets/obseg/prop/PchrautoshotZ.bin,1,1
8116064,2176,assets/obseg/prop/PchrblackboxZ.bin,1,1
8118240,336,assets/obseg/prop/PchrblueprintsZ.bin,1,1
8118576,496,assets/obseg/prop/PchrbombcaseZ.bin,1,1
8119072,2272,assets/obseg/prop/PchrbombdefuserZ.bin,1,1
8121344,400,assets/obseg/prop/PchrbriefcaseZ.bin,1,1
8121744,3504,assets/obseg/prop/PchrbugZ.bin,1,1
8125248,368,assets/obseg/prop/PchrbugdetectorZ.bin,1,1
8125616,368,assets/obseg/prop/PchrbungeeZ.bin,1,1
8125984,1680,assets/obseg/prop/PchrcameraZ.bin,1,1
8127664,416,assets/obseg/prop/PchrcircuitboardZ.bin,1,1
8128080,640,assets/obseg/prop/PchrclipboardZ.bin,1,1
8128720,368,assets/obseg/prop/PchrcreditcardZ.bin,1,1
8129088,368,assets/obseg/prop/PchrdarkglassesZ.bin,1,1
8129456,416,assets/obseg/prop/PchrdatathiefZ.bin,1,1
8129872,496,assets/obseg/prop/PchrdattapeZ.bin,1,1
8130368,2144,assets/obseg/prop/PchrdoordecoderZ.bin,1,1
8132512,368,assets/obseg/prop/PchrdoorexploderZ.bin,1,1
8132880,1232,assets/obseg/prop/PchrdossierredZ.bin,1,1
8134112,368,assets/obseg/prop/PchrdynamiteZ.bin,1,1
8134480,368,assets/obseg/prop/PchrexplosivepenZ.bin,1,1
8134848,1280,assets/obseg/prop/PchrextinguisherZ.bin,1,1
8136128,368,assets/obseg/prop/PchrfingergunZ.bin,1,1
8136496,368,assets/obseg/prop/PchrflarepistolZ.bin,1,1
8136864,1120,assets/obseg/prop/Pchrfnp90Z.bin,1,1
8137984,3856,assets/obseg/prop/PchrgaskeyringZ.bin,1,1
8141840,368,assets/obseg/prop/PchrgoldbarZ.bin,1,1
8142208,624,assets/obseg/prop/PchrgoldenZ.bin,1,1
8142832,3744,assets/obseg/prop/PchrgoldeneyekeyZ.bin,1,1
8146576,368,assets/obseg/prop/PchrgoldwppkZ.bin,1,1
8146944,880,assets/obseg/prop/PchrgrenadeZ.bin,1,1
8147824,912,assets/obseg/prop/PchrgrenadelaunchZ.bin,1,1
8148736,624,assets/obseg/prop/PchrgrenaderoundZ.bin,1,1
8149360,368,assets/obseg/prop/PchrheroinZ.bin,1,1
8149728,1008,assets/obseg/prop/PchrkalashZ.bin,1,1
8150736,496,assets/obseg/prop/PchrkeyanalysercaseZ.bin,1,1
8151232,3744,assets/obseg/prop/PchrkeyboltZ.bin,1,1
8154976,5216,assets/obseg/prop/PchrkeyyaleZ.bin,1,1
8160192,512,assets/obseg/prop/PchrknifeZ.bin,1,1
8160704,960,assets/obseg/prop/PchrlaserZ.bin,1,1
8161664,368,assets/obseg/prop/PchrlectreZ.bin,1,1
8162032,368,assets/obseg/prop/PchrlockexploderZ.bin,1,1
8162400,976,assets/obseg/prop/Pchrm16Z.bin,1,1
8163376,336,assets/obseg/prop/PchrmapZ.bin,1,1
8163712,2288,assets/obseg/prop/PchrmicrocameraZ.bin,1,1
8166000,368,assets/obseg/prop/PchrmicrocodeZ.bin,1,1
8166368,368,assets/obseg/prop/PchrmicrofilmZ.bin,1,1
8166736,368,assets/obseg/prop/PchrmoneyZ.bin,1,1
8167104,896,assets/obseg/prop/Pchrmp5kZ.bin,1,1
8168000,1040,assets/obseg/prop/Pchrmp5ksilZ.bin,1,1
8169040,368,assets/obseg/prop/PchrpitongunZ.bin,1,1
8169408,656,assets/obseg/prop/PchrplansZ.bin,1,1
8170064,1120,assets/obseg/prop/PchrplastiqueZ.bin,1,1
8171184,2240,assets/obseg/prop/PchrpolarizedglassesZ.bin,1,1
8173424,1120,assets/obseg/prop/PchrproximitymineZ.bin,1,1
8174544,1120,assets/obseg/prop/PchrremotemineZ.bin,1,1
8175664,1456,assets/obseg/prop/PchrrocketZ.bin,1,1
8177120,992,assets/obseg/prop/PchrrocketlaunchZ.bin,1,1
8178112,992,assets/obseg/prop/PchrrugerZ.bin,1,1
8179104,496,assets/obseg/prop/PchrsafecrackercaseZ.bin,1,1
8179600,848,assets/obseg/prop/PchrshotgunZ.bin,1,1
8180448,368,assets/obseg/prop/PchrsilverwppkZ.bin,1,1
8180816,896,assets/obseg/prop/PchrskorpionZ.bin,1,1
8181712,912,assets/obseg/prop/PchrsniperrifleZ.bin,1,1
8182624,880,assets/obseg/prop/PchrspectreZ.bin,1,1
8183504,368,assets/obseg/prop/PchrspooltapeZ.bin,1,1
8183872,368,assets/obseg/prop/PchrspyfileZ.bin,1,1
8184240,544,assets/obseg/prop/PchrstafflistZ.bin,1,1
8184784,448,assets/obseg/prop/PchrtesttubeZ.bin,1,1
8185232,544,assets/obseg/prop/PchrthrowknifeZ.bin,1,1
8185776,1328,assets/obseg/prop/PchrtimedmineZ.bin,1,1
8187104,656,assets/obseg/prop/Pchrtt33Z.bin,1,1
8187760,720,assets/obseg/prop/PchruziZ.bin,1,1
8188480,720,assets/obseg/prop/PchrvideotapeZ.bin,1,1
8189200,512,assets/obseg/prop/PchrweaponcaseZ.bin,1,1
8189712,576,assets/obseg/prop/PchrwppkZ.bin,1,1
8190288,736,assets/obseg/prop/PchrwppksilZ.bin,1,1
8191024,368,assets/obseg/prop/PchrwristdartZ.bin,1,1
8191392,1664,assets/obseg/prop/Pconsole1Z.bin,1,1
8193056,1664,assets/obseg/prop/Pconsole2Z.bin,1,1
8194720,1680,assets/obseg/prop/Pconsole3Z.bin,1,1
8196400,1056,assets/obseg/prop/Pconsole_sev2aZ.bin,1,1
8197456,1216,assets/obseg/prop/Pconsole_sev2bZ.bin,1,1
8198672,1088,assets/obseg/prop/Pconsole_sev2cZ.bin,1,1
8199760,1072,assets/obseg/prop/Pconsole_sev2dZ.bin,1,1
8200832,1072,assets/obseg/prop/Pconsole_sev_GEaZ.bin,1,1
8201904,1072,assets/obseg/prop/Pconsole_sev_GEbZ.bin,1,1
8202976,1152,assets/obseg/prop/Pconsole_sevaZ.bin,1,1
8204128,1136,assets/obseg/prop/Pconsole_sevbZ.bin,1,1
8205264,1072,assets/obseg/prop/Pconsole_sevcZ.bin,1,1
8206336,1072,assets/obseg/prop/Pconsole_sevdZ.bin,1,1
8207408,400,assets/obseg/prop/Pcryptdoor1aZ.bin,1,1
8207808,400,assets/obseg/prop/Pcryptdoor1bZ.bin,1,1
8208208,400,assets/obseg/prop/Pcryptdoor2aZ.bin,1,1
8208608,400,assets/obseg/prop/Pcryptdoor2bZ.bin,1,1
8209008,624,assets/obseg/prop/Pcryptdoor3Z.bin,1,1
8209632,384,assets/obseg/prop/Pcryptdoor4Z.bin,1,1
8210016,640,assets/obseg/prop/PdamchaindoorZ.bin,1,1
8210656,544,assets/obseg/prop/PdamgatedoorZ.bin,1,1
8211200,880,assets/obseg/prop/PdamtundoorZ.bin,1,1
8212080,416,assets/obseg/prop/Pdepot_door_steelZ.bin,1,1
8212496,576,assets/obseg/prop/Pdepot_gate_entryZ.bin,1,1
8213072,384,assets/obseg/prop/Pdesk1Z.bin,1,1
8213456,384,assets/obseg/prop/Pdesk2Z.bin,1,1
8213840,576,assets/obseg/prop/Pdesk_arecibo1Z.bin,1,1
8214416,768,assets/obseg/prop/Pdesk_lamp2Z.bin,1,1
8215184,6384,assets/obseg/prop/Pdest_engineZ.bin,1,1
8221568,1632,assets/obseg/prop/Pdest_exocetZ.bin,1,1
8223200,1648,assets/obseg/prop/Pdest_gunZ.bin,1,1
8224848,2208,assets/obseg/prop/Pdest_harpoonZ.bin,1,1
8227056,4016,assets/obseg/prop/Pdest_seawolfZ.bin,1,1
8231072,448,assets/obseg/prop/Pdisc_readerZ.bin,1,1
8231520,400,assets/obseg/prop/Pdisk_drive1Z.bin,1,1
8231920,384,assets/obseg/prop/Pdoor_azt_chairZ.bin,1,1
8232304,1088,assets/obseg/prop/Pdoor_azt_deskZ.bin,1,1
8233392,912,assets/obseg/prop/Pdoor_azt_desk_topZ.bin,1,1
8234304,560,assets/obseg/prop/Pdoor_aztecZ.bin,1,1
8234864,768,assets/obseg/prop/Pdoor_dest1Z.bin,1,1
8235632,960,assets/obseg/prop/Pdoor_dest2Z.bin,1,1
8236592,1376,assets/obseg/prop/Pdoor_eyelidZ.bin,1,1
8237968,2640,assets/obseg/prop/Pdoor_irisZ.bin,1,1
8240608,752,assets/obseg/prop/Pdoor_mfZ.bin,1,1
8241360,880,assets/obseg/prop/Pdoor_roller1Z.bin,1,1
8242240,576,assets/obseg/prop/Pdoor_roller2Z.bin,1,1
8242816,576,assets/obseg/prop/Pdoor_roller3Z.bin,1,1
8243392,608,assets/obseg/prop/Pdoor_roller4Z.bin,1,1
8244000,304,assets/obseg/prop/Pdoor_rollertrainZ.bin,1,1
8244304,608,assets/obseg/prop/Pdoor_st_arec1Z.bin,1,1
8244912,736,assets/obseg/prop/Pdoor_st_arec2Z.bin,1,1
8245648,416,assets/obseg/prop/Pdoor_winZ.bin,1,1
8246064,1136,assets/obseg/prop/PdoorconsoleZ.bin,1,1
8247200,880,assets/obseg/prop/PdoorpanelZ.bin,1,1
8248080,336,assets/obseg/prop/Pdoorprison1Z.bin,1,1
8248416,512,assets/obseg/prop/PdoorstatgateZ.bin,1,1
8248928,288,assets/obseg/prop/PexplosionbitZ.bin,1,1
8249216,384,assets/obseg/prop/Pfiling_cabinet1Z.bin,1,1
8249600,304,assets/obseg/prop/PflagZ.bin,1,1
8249904,800,assets/obseg/prop/PfloppyZ.bin,1,1
8250704,416,assets/obseg/prop/Pfnp90magZ.bin,1,1
8251120,896,assets/obseg/prop/Pgas_plant_met1_do1Z.bin,1,1
8252016,480,assets/obseg/prop/Pgas_plant_sw2_do1Z.bin,1,1
8252496,512,assets/obseg/prop/Pgas_plant_sw3_do1Z.bin,1,1
8253008,352,assets/obseg/prop/Pgas_plant_sw4_do1Z.bin,1,1
8253360,656,assets/obseg/prop/Pgas_plant_sw_do1Z.bin,1,1
8254016,528,assets/obseg/prop/Pgas_plant_wc_cub1Z.bin,1,1
8254544,528,assets/obseg/prop/PgasbarrelZ.bin,1,1
8255072,1344,assets/obseg/prop/PgasbarrelsZ.bin,1,1
8256416,1376,assets/obseg/prop/Pgasplant_clear_doorZ.bin,1,1
8257792,1456,assets/obseg/prop/PgastankZ.bin,1,1
8259248,352,assets/obseg/prop/Pglassware1Z.bin,1,1
8259600,656,assets/obseg/prop/Pglassware2Z.bin,1,1
8260256,528,assets/obseg/prop/Pglassware3Z.bin,1,1
8260784,1408,assets/obseg/prop/Pglassware4Z.bin,1,1
8262192,3760,assets/obseg/prop/PgoldeneyelogoZ.bin,1,1
8265952,512,assets/obseg/prop/PgoldenshellsZ.bin,1,1
8266464,2000,assets/obseg/prop/PgroundgunZ.bin,1,1
8268464,1856,assets/obseg/prop/Pgun_runway1Z.bin,1,1
8270320,672,assets/obseg/prop/PhatberetZ.bin,1,1
8270992,720,assets/obseg/prop/PhatberetblueZ.bin,1,1
8271712,736,assets/obseg/prop/PhatberetredZ.bin,1,1
8272448,208,assets/obseg/prop/PhatchboltZ.bin,1,1
8272656,544,assets/obseg/prop/PhatchdoorZ.bin,1,1
8273200,368,assets/obseg/prop/PhatchsevxZ.bin,1,1
8273568,560,assets/obseg/prop/PhatfurryZ.bin,1,1
8274128,544,assets/obseg/prop/PhatfurryblackZ.bin,1,1
8274672,528,assets/obseg/prop/PhatfurrybrownZ.bin,1,1
8275200,560,assets/obseg/prop/PhathelmetZ.bin,1,1
8275760,560,assets/obseg/prop/PhathelmetgreyZ.bin,1,1
8276320,992,assets/obseg/prop/PhatmoonZ.bin,1,1
8277312,784,assets/obseg/prop/PhatpeakedZ.bin,1,1
8278096,592,assets/obseg/prop/PhattbirdZ.bin,1,1
8278688,624,assets/obseg/prop/PhattbirdbrownZ.bin,1,1
8279312,16928,assets/obseg/prop/PhelicopterZ.bin,1,1
8296240,6000,assets/obseg/prop/PhindZ.bin,1,1
8302240,4448,assets/obseg/prop/PjeepZ.bin,1,1
8306688,608,assets/obseg/prop/Pjerry_can1Z.bin,1,1
8307296,1920,assets/obseg/prop/Pjungle3_treeZ.bin,1,1
8309216,1328,assets/obseg/prop/Pjungle5_treeZ.bin,1,1
8310544,848,assets/obseg/prop/Pkey_holderZ.bin,1,1
8311392,368,assets/obseg/prop/Pkeyboard1Z.bin,1,1
8311760,672,assets/obseg/prop/Pkit_units1Z.bin,1,1
8312432,976,assets/obseg/prop/PlabbenchZ.bin,1,1
8313408,624,assets/obseg/prop/PlandmineZ.bin,1,1
8314032,4032,assets/obseg/prop/PlegalpageZ.bin,1,1
8318064,352,assets/obseg/prop/Pletter_tray1Z.bin,1,1
8318416,400,assets/obseg/prop/Plocker3Z.bin,1,1
8318816,400,assets/obseg/prop/Plocker4Z.bin,1,1
8319216,320,assets/obseg/prop/Pm16magZ.bin,1,1
8319536,512,assets/obseg/prop/PmagnumshellsZ.bin,1,1
8320048,768,assets/obseg/prop/Pmainframe1Z.bin,1,1
8320816,720,assets/obseg/prop/Pmainframe2Z.bin,1,1
8321536,832,assets/obseg/prop/Pmetal_chair1Z.bin,1,1
8322368,448,assets/obseg/prop/Pmetal_crate1Z.bin,1,1
8322816,448,assets/obseg/prop/Pmetal_crate2Z.bin,1,1
8323264,448,assets/obseg/prop/Pmetal_crate3Z.bin,1,1
8323712,448,assets/obseg/prop/Pmetal_crate4Z.bin,1,1
8324160,6368,assets/obseg/prop/PmilcopterZ.bin,1,1
8330528,8960,assets/obseg/prop/PmiltruckZ.bin,1,1
8339488,2576,assets/obseg/prop/Pmissile_rack2Z.bin,1,1
8342064,992,assets/obseg/prop/Pmissile_rackZ.bin,1,1
8343056,832,assets/obseg/prop/PmodemboxZ.bin,1,1
8343888,3776,assets/obseg/prop/PmotorbikeZ.bin,1,1
8347664,336,assets/obseg/prop/Pmp5kmagZ.bin,1,1
8348000,10976,assets/obseg/prop/PnintendologoZ.bin,1,1
8358976,624,assets/obseg/prop/Poil_drum1Z.bin,1,1
8359600,752,assets/obseg/prop/Poil_drum2Z.bin,1,1
8360352,752,assets/obseg/prop/Poil_drum3Z.bin,1,1
8361104,752,assets/obseg/prop/Poil_drum5Z.bin,1,1
8361856,784,assets/obseg/prop/Poil_drum6Z.bin,1,1
8362640,768,assets/obseg/prop/Poil_drum7Z.bin,1,1
8363408,2640,assets/obseg/prop/PpadlockZ.bin,1,1
8366048,1104,assets/obseg/prop/PpalmZ.bin,1,1
8367152,1232,assets/obseg/prop/PpalmtreeZ.bin,1,1
8368384,320,assets/obseg/prop/Pphone1Z.bin,1,1
8368704,9696,assets/obseg/prop/PplaneZ.bin,1,1
8378400,960,assets/obseg/prop/Pplant11Z.bin,1,1
8379360,912,assets/obseg/prop/Pplant1Z.bin,1,1
8380272,864,assets/obseg/prop/Pplant2Z.bin,1,1
8381136,1040,assets/obseg/prop/Pplant2bZ.bin,1,1
8382176,1104,assets/obseg/prop/Pplant3Z.bin,1,1
8383280,432,assets/obseg/prop/Pradio_unit1Z.bin,1,1
8383712,448,assets/obseg/prop/Pradio_unit2Z.bin,1,1
8384160,448,assets/obseg/prop/Pradio_unit3Z.bin,1,1
8384608,448,assets/obseg/prop/Pradio_unit4Z.bin,1,1
8385056,1632,assets/obseg/prop/ProofgunZ.bin,1,1
8386688,848,assets/obseg/prop/PsafeZ.bin,1,1
8387536,1264,assets/obseg/prop/PsafedoorZ.bin,1,1
8388800,5488,assets/obseg/prop/Psat1_reflectZ.bin,1,1
8394288,288,assets/obseg/prop/PsatboxZ.bin,1,1
8394576,1120,assets/obseg/prop/PsatdishZ.bin,1,1
8395696,416,assets/obseg/prop/Psec_panelZ.bin,1,1
8396112,656,assets/obseg/prop/Psev_door3Z.bin,1,1
8396768,912,assets/obseg/prop/Psev_door3_windZ.bin,1,1
8397680,992,assets/obseg/prop/Psev_door4_windZ.bin,1,1
8398672,848,assets/obseg/prop/Psev_doorZ.bin,1,1
8399520,816,assets/obseg/prop/Psev_door_v1Z.bin,1,1
8400336,944,assets/obseg/prop/Psev_trislideZ.bin,1,1
8401280,3872,assets/obseg/prop/PsevdishZ.bin,1,1
8405152,736,assets/obseg/prop/PsevdoormetslideZ.bin,1,1
8405888,368,assets/obseg/prop/PsevdoornowindZ.bin,1,1
8406256,1072,assets/obseg/prop/PsevdoorwindZ.bin,1,1
8407328,944,assets/obseg/prop/PsevdoorwoodZ.bin,1,1
8408272,10752,assets/obseg/prop/PshuttleZ.bin,1,1
8419024,3120,assets/obseg/prop/Pshuttle_door_lZ.bin,1,1
8422144,3328,assets/obseg/prop/Pshuttle_door_rZ.bin,1,1
8425472,416,assets/obseg/prop/PsilencerZ.bin,1,1
8425888,576,assets/obseg/prop/Psilo_lift_doorZ.bin,1,1
8426464,752,assets/obseg/prop/PsilotopdoorZ.bin,1,1
8427216,352,assets/obseg/prop/PskorpionmagZ.bin,1,1
8427568,368,assets/obseg/prop/PspectremagZ.bin,1,1
8427936,3392,assets/obseg/prop/PspeedboatZ.bin,1,1
8431328,12608,assets/obseg/prop/Pst_pete_room_1iZ.bin,1,1
8443936,12768,assets/obseg/prop/Pst_pete_room_2iZ.bin,1,1
8456704,12096,assets/obseg/prop/Pst_pete_room_3tZ.bin,1,1
8468800,13712,assets/obseg/prop/Pst_pete_room_5cZ.bin,1,1
8482512,13328,assets/obseg/prop/Pst_pete_room_6cZ.bin,1,1
8495840,624,assets/obseg/prop/Psteel_door1Z.bin,1,1
8496464,688,assets/obseg/prop/Psteel_door2Z.bin,1,1
8497152,720,assets/obseg/prop/Psteel_door2bZ.bin,1,1
8497872,720,assets/obseg/prop/Psteel_door3Z.bin,1,1
8498592,704,assets/obseg/prop/Pstool1Z.bin,1,1
8499296,400,assets/obseg/prop/Pswipe_card2Z.bin,1,1
8499696,656,assets/obseg/prop/Pswivel_chair1Z.bin,1,1
8500352,6816,assets/obseg/prop/PtankZ.bin,1,1
8507168,7824,assets/obseg/prop/PtigerZ.bin,1,1
8514992,2176,assets/obseg/prop/Ptorpedo_rackZ.bin,1,1
8517168,976,assets/obseg/prop/Ptrain_door2Z.bin,1,1
8518144,1056,assets/obseg/prop/Ptrain_door3Z.bin,1,1
8519200,624,assets/obseg/prop/Ptrain_doorZ.bin,1,1
8519824,832,assets/obseg/prop/PtrainextdoorZ.bin,1,1
8520656,320,assets/obseg/prop/Ptt33magZ.bin,1,1
8520976,1312,assets/obseg/prop/Ptuning_console1Z.bin,1,1
8522288,464,assets/obseg/prop/Ptv1Z.bin,1,1
8522752,416,assets/obseg/prop/Ptv4screenZ.bin,1,1
8523168,1744,assets/obseg/prop/Ptv_holderZ.bin,1,1
8524912,208,assets/obseg/prop/PtvscreenZ.bin,1,1
8525120,320,assets/obseg/prop/PuzimagZ.bin,1,1
8525440,1552,assets/obseg/prop/PvertdoorZ.bin,1,1
8526992,5552,assets/obseg/prop/PwalletbondZ.bin,1,1
8532544,240,assets/obseg/prop/PwindowZ.bin,1,1
8532784,224,assets/obseg/prop/Pwindow_cor11Z.bin,1,1
8533008,224,assets/obseg/prop/Pwindow_lib_lg1Z.bin,1,1
8533232,240,assets/obseg/prop/Pwindow_lib_sm1Z.bin,1,1
8533472,640,assets/obseg/prop/Pwood_lg_crate1Z.bin,1,1
8534112,544,assets/obseg/prop/Pwood_lg_crate2Z.bin,1,1
8534656,544,assets/obseg/prop/Pwood_md_crate3Z.bin,1,1
8535200,608,assets/obseg/prop/Pwood_sm_crate4Z.bin,1,1
8535808,608,assets/obseg/prop/Pwood_sm_crate5Z.bin,1,1
8536416,544,assets/obseg/prop/Pwood_sm_crate6Z.bin,1,1
8536960,880,assets/obseg/prop/Pwooden_table1Z.bin,1,1
8537840,320,assets/obseg/prop/PwppkmagZ.bin,1,1
8538160,6448,assets/obseg/stan/Tbg_ame_all_p_stanZ.bin,1,1
8544608,23792,assets/obseg/stan/Tbg_arch_all_p_stanZ.bin,1,1
8568400,33616,assets/obseg/stan/Tbg_arec_all_p_stanZ.bin,1,1
8602016,36800,assets/obseg/stan/Tbg_ark_all_p_stanZ.bin,1,1
8638816,6448,assets/obseg/stan/Tbg_ash_all_p_stanZ.bin,1,1
8645264,21888,assets/obseg/stan/Tbg_azt_all_p_stanZ.bin,1,1
8667152,10032,assets/obseg/stan/Tbg_cat_all_p_stanZ.bin,1,1
8677184,20208,assets/obseg/stan/Tbg_cave_all_p_stanZ.bin,1,1
8697392,10512,assets/obseg/stan/Tbg_crad_all_p_stanZ.bin,1,1
8707904,12400,assets/obseg/stan/Tbg_cryp_all_p_stanZ.bin,1,1
8720304,41952,assets/obseg/stan/Tbg_dam_all_p_stanZ.bin,1,1
8762256,28480,assets/obseg/stan/Tbg_depo_all_p_stanZ.bin,1,1
8790736,26864,assets/obseg/stan/Tbg_dest_all_p_stanZ.bin,1,1
8817600,2832,assets/obseg/stan/Tbg_dish_all_p_stanZ.bin,1,1
8820432,6448,assets/obseg/stan/Tbg_imp_all_p_stanZ.bin,1,1
8826880,29008,assets/obseg/stan/Tbg_jun_all_p_stanZ.bin,1,1
8855888,2752,assets/obseg/stan/Tbg_len_all_p_stanZ.bin,1,1
8858640,6400,assets/obseg/stan/Tbg_oat_all_p_stanZ.bin,1,1
8865040,18064,assets/obseg/stan/Tbg_pete_all_p_stanZ.bin,1,1
8883104,7632,assets/obseg/stan/Tbg_ref_all_p_stanZ.bin,1,1
8890736,6784,assets/obseg/stan/Tbg_run_all_p_stanZ.bin,1,1
8897520,15824,assets/obseg/stan/Tbg_sev_all_p_stanZ.bin,1,1
8913344,20288,assets/obseg/stan/Tbg_sevb_all_p_stanZ.bin,1,1
8933632,37680,assets/obseg/stan/Tbg_sevx_all_p_stanZ.bin,1,1
8971312,37024,assets/obseg/stan/Tbg_silo_all_p_stanZ.bin,1,1
9008336,20160,assets/obseg/stan/Tbg_stat_all_p_stanZ.bin,1,1
9028496,9168,assets/obseg/stan/Tbg_tra_all_p_stanZ.bin,1,1
9037664,32,assets/obseg/brief/UbriefarchZ,1,0
9037696,32,assets/obseg/brief/UbriefarkZ,1,0
9037728,32,assets/obseg/brief/UbriefaztZ,1,0
9037760,32,assets/obseg/brief/UbriefcaveZ,1,0
9037792,32,assets/obseg/brief/UbriefcontrolZ,1,0
9037824,32,assets/obseg/brief/UbriefcradZ,1,0
9037856,32,assets/obseg/brief/UbriefcrypZ,1,0
9037888,32,assets/obseg/brief/UbriefdamZ,1,0
9037920,32,assets/obseg/brief/UbriefdepoZ,1,0
9037952,32,assets/obseg/brief/UbriefdestZ,1,0
9037984,32,assets/obseg/brief/UbriefjunZ,1,0
9038016,32,assets/obseg/brief/UbriefpeteZ,1,0
9038048,32,assets/obseg/brief/UbriefrunZ,1,0
9038080,32,assets/obseg/brief/UbriefsevbZ,1,0
9038112,32,assets/obseg/brief/UbriefsevbunkerZ,1,0
9038144,32,assets/obseg/brief/UbriefsevxZ,1,0
9038176,32,assets/obseg/brief/UbriefsevxbZ,1,0
9038208,32,assets/obseg/brief/UbriefsiloZ,1,0
9038240,32,assets/obseg/brief/UbriefstatueZ,1,0
9038272,32,assets/obseg/brief/UbrieftraZ,1,0
9038304,1824,assets/obseg/setup/Ump_setupameZ.bin,1,1
9040128,11680,assets/obseg/setup/u/Ump_setuparchZ.bin,1,1
9051808,7488,assets/obseg/setup/Ump_setuparkZ.bin,1,1
9059296,1776,assets/obseg/setup/Ump_setupashZ.bin,1,1
9061072,9568,assets/obseg/setup/Ump_setupcaveZ.bin,1,1
9070640,2400,assets/obseg/setup/Ump_setupcradZ.bin,1,1
9073040,3424,assets/obseg/setup/Ump_setupcrypZ.bin,1,1
9076464,1008,assets/obseg/setup/Ump_setupdishZ.bin,1,1
9077472,1600,assets/obseg/setup/Ump_setupimpZ.bin,1,1
9079072,848,assets/obseg/setup/Ump_setupoatZ.bin,1,1
9079920,1040,assets/obseg/setup/Ump_setuprefZ.bin,1,1
9080960,4880,assets/obseg/setup/Ump_setupsevbZ.bin,1,1
9085840,3712,assets/obseg/setup/Ump_setupstatueZ.bin,1,1
9089552,17936,assets/obseg/setup/UsetuparchZ.bin,1,1
9107488,15248,assets/obseg/setup/UsetuparkZ.bin,1,1
9122736,10496,assets/obseg/setup/UsetupaztZ.bin,1,1
9133232,15968,assets/obseg/setup/UsetupcaveZ.bin,1,1
9149200,15104,assets/obseg/setup/UsetupcontrolZ.bin,1,1
9164304,7216,assets/obseg/setup/u/UsetupcradZ.bin,1,1
9171520,7824,assets/obseg/setup/UsetupcrypZ.bin,1,1
9179344,17104,assets/obseg/setup/UsetupdamZ.bin,1,1
9196448,12176,assets/obseg/setup/UsetupdepoZ.bin,1,1
9208624,9040,assets/obseg/setup/u/UsetupdestZ.bin,1,1
9217664,14080,assets/obseg/setup/u/UsetupjunZ.bin,1,1
9231744,1488,assets/obseg/setup/u/UsetuplenZ.bin,1,1
9233232,12160,assets/obseg/setup/UsetuppeteZ.bin,1,1
9245392,6240,assets/obseg/setup/UsetuprunZ.bin,1,1
9251632,9824,assets/obseg/setup/UsetupsevbZ.bin,1,1
9261456,6704,assets/obseg/setup/UsetupsevbunkerZ.bin,1,1
9268160,17168,assets/obseg/setup/UsetupsevxZ.bin,1,1
9285328,16624,assets/obseg/setup/UsetupsevxbZ.bin,1,1
9301952,10832,assets/obseg/setup/u/UsetupsiloZ.bin,1,1
9312784,10192,assets/obseg/setup/u/UsetupstatueZ.bin,1,1
9322976,12848,assets/obseg/setup/u/UsetuptraZ.bin,1,1
9335824,16,assets/obseg/text/LameE,1,0
9335840,16,assets/obseg/text/LameJ,1,0
9335856,1584,assets/obseg/text/LarchE,1,0
9337440,1632,assets/obseg/text/LarchJ.bin,1,1
9339072,1488,assets/obseg/text/LarecE,1,0
9340560,1424,assets/obseg/text/u/LarecJ.bin,1,1
9341984,1696,assets/obseg/text/LarkE,1,0
9343680,1712,assets/obseg/text/u/LarkJ.bin,1,1
9345392,16,assets/obseg/text/LashE,1,0
9345408,16,assets/obseg/text/LashJ,1,0
9345424,1088,assets/obseg/text/LaztE,1,0
9346512,1200,assets/obseg/text/u/LaztJ.bin,1,1
9347712,16,assets/obseg/text/LcatE,1,0
9347728,16,assets/obseg/text/LcatJ,1,0
9347744,1024,assets/obseg/text/LcaveE,1,0
9348768,1120,assets/obseg/text/LcaveJ.bin,1,1
9349888,1232,assets/obseg/text/LcradE,1,0
9351120,1200,assets/obseg/text/u/LcradJ.bin,1,1
9352320,592,assets/obseg/text/LcrypE,1,0
9352912,704,assets/obseg/text/u/LcrypJ.bin,1,1
9353616,1104,assets/obseg/text/LdamE,1,0
9354720,1136,assets/obseg/text/u/LdamJ.bin,1,1
9355856,880,assets/obseg/text/LdepoE,1,0
9356736,832,assets/obseg/text/u/LdepoJ.bin,1,1
9357568,1168,assets/obseg/text/LdestE,1,0
9358736,1120,assets/obseg/text/LdestJ.bin,1,1
9359856,16,assets/obseg/text/LdishE,1,0
9359872,16,assets/obseg/text/LdishJ,1,0
9359888,16,assets/obseg/text/LearE,1,0
9359904,16,assets/obseg/text/LearJ,1,0
9359920,16,assets/obseg/text/LeldE,1,0
9359936,16,assets/obseg/text/LeldJ,1,0
9359952,1824,assets/obseg/text/LgunE,1,0
9361776,1872,assets/obseg/text/u/LgunJ.bin,1,1
9363648,16,assets/obseg/text/LimpE,1,0
9363664,16,assets/obseg/text/LimpJ,1,0
9363680,1312,assets/obseg/text/LjunE,1,0
9364992,1344,assets/obseg/text/u/LjunJ.bin,1,1
9366336,16,assets/obseg/text/LleeE,1,0
9366352,16,assets/obseg/text/LleeJ,1,0
9366368,1600,assets/obseg/text/LlenE,1,0
9367968,688,assets/obseg/text/u/LlenJ.bin,1,1
9368656,16,assets/obseg/text/LlipE,1,0
9368672,16,assets/obseg/text/LlipJ,1,0
9368688,16,assets/obseg/text/LlueE,1,0
9368704,16,assets/obseg/text/LlueJ,1,0
9368720,672,assets/obseg/text/LmiscE,1,0
9369392,736,assets/obseg/text/u/LmiscJ.bin,1,1
9370128,416,assets/obseg/text/LmpmenuE,1,0
9370544,400,assets/obseg/text/u/LmpmenuJ.bin,1,1
9370944,192,assets/obseg/text/LmpweaponsE,1,0
9371136,224,assets/obseg/text/u/LmpweaponsJ.bin,1,1
9371360,16,assets/obseg/text/LoatE,1,0
9371376,16,assets/obseg/text/LoatJ,1,0
9371392,560,assets/obseg/text/LoptionsE,1,0
9371952,592,assets/obseg/text/u/LoptionsJ.bin,1,1
9372544,16,assets/obseg/text/LpamE,1,0
9372560,16,assets/obseg/text/LpamJ,1,0
9372576,1152,assets/obseg/text/LpeteE,1,0
9373728,1136,assets/obseg/text/u/LpeteJ.bin,1,1
9374864,672,assets/obseg/text/LpropobjE,1,0
9375536,704,assets/obseg/text/u/LpropobjJ.bin,1,1
9376240,16,assets/obseg/text/LrefE,1,0
9376256,16,assets/obseg/text/LrefJ,1,0
9376272,16,assets/obseg/text/LritE,1,0
9376288,16,assets/obseg/text/LritJ,1,0
9376304,624,assets/obseg/text/LrunE,1,0
9376928,656,assets/obseg/text/LrunJ.bin,1,1
9377584,1376,assets/obseg/text/LsevE,1,0
9378960,1296,assets/obseg/text/u/LsevJ.bin,1,1
9380256,1872,assets/obseg/text/LsevbE,1,0
9382128,2032,assets/obseg/text/u/LsevbJ.bin,1,1
9384160,1120,assets/obseg/text/LsevxE,1,0
9385280,960,assets/obseg/text/u/LsevxJ.bin,1,1
9386240,1168,assets/obseg/text/LsevxbE,1,0
9387408,1104,assets/obseg/text/LsevxbJ.bin,1,1
9388512,16,assets/obseg/text/LshoE,1,0
9388528,16,assets/obseg/text/LshoJ,1,0
9388544,1456,assets/obseg/text/LsiloE,1,0
9390000,1504,assets/obseg/text/u/LsiloJ.bin,1,1
9391504,2336,assets/obseg/text/LstatE,1,0
9393840,2160,assets/obseg/text/u/LstatJ.bin,1,1
9396000,2752,assets/obseg/text/LtitleE,1,0
9398752,2960,assets/obseg/text/u/LtitleJ.bin,1,1
9401712,1072,assets/obseg/text/LtraE,1,0
9402784,1056,assets/obseg/text/u/LtraJ.bin,1,1
9403840,16,assets/obseg/text/LwaxE,1,0
9403856,16,assets/obseg/text/LwaxJ,1,0
9403872,16,assets/obseg/ob__ob_end.seg,0,1
