4385440,69104,assets/obseg/bg/bg_sev_all_p.bin,0,0
4454544,331584,assets/obseg/bg/bg_silo_all_p.bin,0,0
4786128,139472,assets/obseg/bg/bg_stat_all_p.bin,0,1
4925600,189312,assets/obseg/bg/bg_arec_all_p.bin,0,0
5114912,154352,assets/obseg/bg/bg_arch_all_p.bin,0,0
5269264,132464,assets/obseg/bg/bg_tra_all_p.bin,0,1
5401728,186816,assets/obseg/bg/bg_dest_all_p.bin,0,1
5588544,109984,assets/obseg/bg/bg_sevb_all_p.bin,0,0
5698528,137808,assets/obseg/bg/bg_azt_all_p.bin,0,0
5836336,105520,assets/obseg/bg/bg_pete_all_p.bin,0,1
5941856,182640,assets/obseg/bg/bg_depo_all_p.bin,0,1
6124496,38416,assets/obseg/bg/bg_ref_all_p.bin,0,0
6162912,87728,assets/obseg/bg/bg_cryp_all_p.bin,0,0
6250640,197024,assets/obseg/bg/bg_dam_all_p.bin,0,1
6447664,200576,assets/obseg/bg/bg_ark_all_p.bin,0,1
6648240,41936,assets/obseg/bg/bg_run_all_p.bin,0,0
6690176,116176,assets/obseg/bg/bg_sevx_all_p.bin,0,0
6806352,86256,assets/obseg/bg/bg_jun_all_p.bin,0,1
6892608,18544,assets/obseg/bg/bg_dish_all_p.bin,0,0
6911152,148720,assets/obseg/bg/bg_cave_all_p.bin,0,1
7059872,21808,assets/obseg/bg/bg_cat_all_p.bin,0,0
7081680,66384,assets/obseg/bg/bg_crad_all_p.bin,0,0
7148064,0,assets/obseg/bg/bg_sho_all_p.bin,0,1
7148064,0,assets/obseg/bg/bg_eld_all_p.bin,0,1
7148064,0,assets/obseg/bg/bg_imp_all_p.bin,0,1
7148064,0,assets/obseg/bg/bg_ash_all_p.bin,0,1
7148064,0,assets/obseg/bg/bg_lue_all_p.bin,0,1
7148064,40800,assets/obseg/bg/bg_ame_all_p.bin,0,1
7188864,0,assets/obseg/bg/bg_rit_all_p.bin,0,0
7188864,28240,assets/obseg/bg/bg_oat_all_p.bin,0,1
7217104,0,assets/obseg/bg/bg_ear_all_p.bin,0,0
7217104,0,assets/obseg/bg/bg_lee_all_p.bin,0,0
7217104,0,assets/obseg/bg/bg_lip_all_p.bin,0,0
7217104,4000,assets/obseg/bg/bg_len_all_p.bin,0,1
7221104,0,assets/obseg/bg/bg_wax_all_p.bin,0,0
7221104,0,assets/obseg/bg/bg_pam_all_p.bin,0,0
7221104,9344,assets/obseg/chr/CarmourguardZ,1,1
7230448,14064,assets/obseg/chr/CbaronsamediZ,1,1
7244512,9968,assets/obseg/chr/CbluecamguardZ,1,1
7254480,7696,assets/obseg/chr/CbluemanZ,1,1
7262176,7872,assets/obseg/chr/CbluewomanZ,1,1
7270048,11280,assets/obseg/chr/CboilerbondZ,1,1
7281328,13952,assets/obseg/chr/CboilertrevZ,1,1
7295280,12576,assets/obseg/chr/CborisZ,1,1
7307856,9952,assets/obseg/chr/CcamguardZ,1,1
7317808,7680,assets/obseg/chr/CcardimanZ,1,1
7325488,7808,assets/obseg/chr/CcheckmanZ,1,1
7333296,9728,assets/obseg/chr/CcommguardZ,1,1
7343024,11920,assets/obseg/chr/CdjbondZ,1,1
7354944,7968,assets/obseg/chr/CfattechwomanZ,1,1
7362912,10016,assets/obseg/chr/Cgreatguard2Z,1,1
7372928,9856,assets/obseg/chr/CgreatguardZ,1,1
7382784,9936,assets/obseg/chr/CgreyguardZ,1,1
7392720,7616,assets/obseg/chr/CgreymanZ,1,1
7400336,1488,assets/obseg/chr/CheadalanZ,1,1
7401824,1392,assets/obseg/chr/CheadbZ,1,1
7403216,976,assets/obseg/chr/CheadbalaclavaZ,1,1
7404192,1696,assets/obseg/chr/CheadbikeZ,1,1
7405888,3408,assets/obseg/chr/CheadbrosnanZ,1,1
7409296,2976,assets/obseg/chr/Cheadbrosnanboiler,1,1
7412272,3712,assets/obseg/chr/Cheadbrosnansnow,1,1
7415984,3456,assets/obseg/chr/Cheadbrosnansuit,1,1
7419440,3008,assets/obseg/chr/Cheadbrosnantimber,1,1
7422448,1344,assets/obseg/chr/CheadchrisZ,1,1
7423792,1408,assets/obseg/chr/CheaddaveZ,1,1
7425200,1328,assets/obseg/chr/CheaddesZ,1,1
7426528,1312,assets/obseg/chr/CheadduncanZ,1,1
7427840,1408,assets/obseg/chr/CheaddwayneZ,1,1
7429248,1392,assets/obseg/chr/CheadgrahamZ,1,1
7430640,1328,assets/obseg/chr/CheadgrantZ,1,1
7431968,1328,assets/obseg/chr/CheadjimZ,1,1
7433296,1056,assets/obseg/chr/Cheadjoe2Z,1,1
7434352,1392,assets/obseg/chr/CheadjoeZ,1,1
7435744,1296,assets/obseg/chr/CheadjoelZ,1,1
7437040,1376,assets/obseg/chr/CheadkarlZ,1,1
7438416,1360,assets/obseg/chr/CheadkenZ,1,1
7439776,1408,assets/obseg/chr/CheadleeZ,1,1
7441184,1008,assets/obseg/chr/CheadmandyZ,1,1
7442192,1040,assets/obseg/chr/CheadmarionZ,1,1
7443232,1328,assets/obseg/chr/CheadmarkZ,1,1
7444560,1376,assets/obseg/chr/CheadmartinZ,1,1
7445936,1376,assets/obseg/chr/CheadmishkinZ,1,1
7447312,1312,assets/obseg/chr/CheadneilZ,1,1
7448624,1424,assets/obseg/chr/CheadpeteZ,1,1
7450048,1296,assets/obseg/chr/CheadrobinZ,1,1
7451344,1024,assets/obseg/chr/CheadsallyZ,1,1
7452368,1408,assets/obseg/chr/CheadscottZ,1,1
7453776,1504,assets/obseg/chr/CheadshaunZ,1,1
7455280,1360,assets/obseg/chr/CheadsteveeZ,1,1
7456640,1360,assets/obseg/chr/CheadstevehZ,1,1
7458000,1168,assets/obseg/chr/CheadvivienZ,1,1
7459168,11328,assets/obseg/chr/CjawsZ,1,1
7470496,8208,assets/obseg/chr/CjeanwomanZ,1,1
7478704,11168,assets/obseg/chr/CmaydayZ,1,1
7489872,8528,assets/obseg/chr/CmoonfemaleZ,1,1
7498400,9712,assets/obseg/chr/CmoonguardZ,1,1
7508112,14528,assets/obseg/chr/CnatalyaZ,1,1
7522640,9952,assets/obseg/chr/CnavyguardZ,1,1
7532592,12592,assets/obseg/chr/CoddjobZ,1,1
7545184,9808,assets/obseg/chr/ColiveguardZ,1,1
7554992,13360,assets/obseg/chr/CorumovZ,1,1
7568352,12416,assets/obseg/chr/CpilotZ,1,1
7580768,10032,assets/obseg/chr/CredmanZ,1,1
7590800,7216,assets/obseg/chr/CrusguardZ,1,1
7598016,13104,assets/obseg/chr/CsnowbondZ,1,1
7611120,11392,assets/obseg/chr/CsnowguardZ,1,1
7622512,14624,assets/obseg/chr/CspicebondZ,1,1
7637136,12832,assets/obseg/chr/Csuit_lf_handZ,1,1
7649968,11664,assets/obseg/chr/CsuitbondZ,1,1
7661632,9904,assets/obseg/chr/CtechmanZ,1,1
7671536,8176,assets/obseg/chr/CtechwomanZ,1,1
7679712,11568,assets/obseg/chr/CtimberbondZ,1,1
7691280,14288,assets/obseg/chr/CtrevelyanZ,1,1
7705568,9744,assets/obseg/chr/CtrevguardZ,1,1
7715312,12144,assets/obseg/chr/CvalentinZ,1,1
7727456,14832,assets/obseg/chr/CxeniaZ,1,1
7742288,2576,assets/obseg/gun/Gak47Z,1,1
7744864,912,assets/obseg/gun/GaudiotapeZ,1,1
7745776,6160,assets/obseg/gun/GautoshotZ,1,1
7751936,1536,assets/obseg/gun/GblackboxZ,1,1
7753472,256,assets/obseg/gun/GblueprintsZ,1,1
7753728,1936,assets/obseg/gun/GbombcaseZ,1,1
7755664,1520,assets/obseg/gun/GbombdefuserZ,1,1
7757184,1936,assets/obseg/gun/GbriefcaseZ,1,1
7759120,2416,assets/obseg/gun/GbugZ,1,1
7761536,848,assets/obseg/gun/GbugdetectorZ,1,1
7762384,848,assets/obseg/gun/GbungeeZ,1,1
7763232,1152,assets/obseg/gun/GcameraZ,1,1
7764384,608,assets/obseg/gun/GcartblueZ,1,1
7764992,304,assets/obseg/gun/GcartridgeZ,1,1
7765296,528,assets/obseg/gun/GcartrifleZ,1,1
7765824,512,assets/obseg/gun/GcartshellZ,1,1
7766336,320,assets/obseg/gun/GcircuitboardZ,1,1
7766656,496,assets/obseg/gun/GclipboardZ,1,1
7767152,848,assets/obseg/gun/GcreditcardZ,1,1
7768000,848,assets/obseg/gun/GdarkglassesZ,1,1
7768848,320,assets/obseg/gun/GdatathiefZ,1,1
7769168,368,assets/obseg/gun/GdattapeZ,1,1
7769536,1408,assets/obseg/gun/GdoordecoderZ,1,1
7770944,848,assets/obseg/gun/GdoorexploderZ,1,1
7771792,864,assets/obseg/gun/GdossierredZ,1,1
7772656,848,assets/obseg/gun/GdynamiteZ,1,1
7773504,592,assets/obseg/gun/Gexplosivefloppy,1,1
7774096,848,assets/obseg/gun/GexplosivepenZ,1,1
7774944,2032,assets/obseg/gun/GextinguisherZ,1,1
7776976,848,assets/obseg/gun/GfingergunZ,1,1
7777824,5888,assets/obseg/gun/GfistZ,1,1
7783712,848,assets/obseg/gun/GflarepistolZ,1,1
7784560,3232,assets/obseg/gun/Gfnp90Z,1,1
7787792,2608,assets/obseg/gun/GgaskeyringZ,1,1
7790400,848,assets/obseg/gun/GgoldbarZ,1,1
7791248,2480,assets/obseg/gun/GgoldeneyekeyZ,1,1
7793728,6112,assets/obseg/gun/GgoldengunZ,1,1
7799840,6496,assets/obseg/gun/GgoldwppkZ,1,1
7806336,2608,assets/obseg/gun/GgrenadeZ,1,1
7808944,4224,assets/obseg/gun/GgrenadelaunchZ,1,1
7813168,848,assets/obseg/gun/GheroinZ,1,1
7814016,7856,assets/obseg/gun/GjoypadZ,1,1
7821872,1936,assets/obseg/gun/Gkeyanalysercase,1,1
7823808,2544,assets/obseg/gun/GkeyboltZ,1,1
7826352,304,assets/obseg/gun/GkeycardZ,1,1
7826656,3408,assets/obseg/gun/GkeyyaleZ,1,1
7830064,6864,assets/obseg/gun/GknifeZ,1,1
7836928,3568,assets/obseg/gun/GlaserZ,1,1
7840496,848,assets/obseg/gun/GlectreZ,1,1
7841344,848,assets/obseg/gun/GlockexploderZ,1,1
7842192,2592,assets/obseg/gun/Gm16Z,1,1
7844784,240,assets/obseg/gun/GmapZ,1,1
7845024,1600,assets/obseg/gun/GmicrocameraZ,1,1
7846624,848,assets/obseg/gun/GmicrocodeZ,1,1
7847472,848,assets/obseg/gun/GmicrofilmZ,1,1
7848320,848,assets/obseg/gun/GmoneyZ,1,1
7849168,3040,assets/obseg/gun/Gmp5kZ,1,1
7852208,3328,assets/obseg/gun/Gmp5ksilZ,1,1
7855536,848,assets/obseg/gun/GpitongunZ,1,1
7856384,464,assets/obseg/gun/GplansZ,1,1
7856848,848,assets/obseg/gun/GplastiqueZ,1,1
7857696,1376,assets/obseg/gun/GpolarizedglassesZ,1,1
7859072,2032,assets/obseg/gun/GproximitymineZ,1,1
7861104,2496,assets/obseg/gun/GremotemineZ,1,1
7863600,4640,assets/obseg/gun/GrocketlaunchZ,1,1
7868240,7568,assets/obseg/gun/GrugerZ,1,1
7875808,1936,assets/obseg/gun/Gsafecrackercase,1,1
7877744,3808,assets/obseg/gun/GshotgunZ,1,1
7881552,6496,assets/obseg/gun/GsilverwppkZ,1,1
7888048,4608,assets/obseg/gun/GskorpionZ,1,1
7892656,4208,assets/obseg/gun/GsniperrifleZ,1,1
7896864,3200,assets/obseg/gun/GspectreZ,1,1
7900064,848,assets/obseg/gun/GspooltapeZ,1,1
7900912,848,assets/obseg/gun/GspyfileZ,1,1
7901760,416,assets/obseg/gun/GstafflistZ,1,1
7902176,7776,assets/obseg/gun/GtaserZ,1,1
7909952,6896,assets/obseg/gun/GthrowknifeZ,1,1
7916848,2752,assets/obseg/gun/GtimedmineZ,1,1
7919600,13312,assets/obseg/gun/GtriggerZ,1,1
7932912,6944,assets/obseg/gun/Gtt33Z,1,1
7939856,2320,assets/obseg/gun/GuziZ,1,1
7942176,528,assets/obseg/gun/GvideotapeZ,1,1
7942704,5216,assets/obseg/gun/GwatchcommunicatorZ,1,1
7947920,5216,assets/obseg/gun/GwatchgeigercounterZ,1,1
7953136,5216,assets/obseg/gun/GwatchidentifierZ,1,1
7958352,13312,assets/obseg/gun/GwatchlaserZ,1,1
7971664,5200,assets/obseg/gun/GwatchmagnetattractZ,1,1
7976864,5216,assets/obseg/gun/GwatchmagnetrepelZ,1,1
7982080,1936,assets/obseg/gun/GweaponcaseZ,1,1
7984016,7312,assets/obseg/gun/GwppkZ,1,1
7991328,7488,assets/obseg/gun/GwppksilZ,1,1
7998816,848,assets/obseg/gun/GwristdartZ,1,1
7999664,9600,assets/obseg/prop/PICBMZ,1,1
8009264,1968,assets/obseg/prop/PICBM_noseZ,1,1
8011232,480,assets/obseg/prop/Pak47magZ,1,1
8011712,352,assets/obseg/prop/Palarm1Z,1,1
8012064,416,assets/obseg/prop/Palarm2Z,1,1
8012480,576,assets/obseg/prop/Pammo_crate1Z,1,1
8013056,576,assets/obseg/prop/Pammo_crate2Z,1,1
8013632,592,assets/obseg/prop/Pammo_crate3Z,1,1
8014224,624,assets/obseg/prop/Pammo_crate4Z,1,1
8014848,704,assets/obseg/prop/Pammo_crate5Z,1,1
8015552,7264,assets/obseg/prop/PapcZ,1,1
8022816,480,assets/obseg/prop/Parchsecdoor1Z,1,1
8023296,464,assets/obseg/prop/Parchsecdoor2Z,1,1
8023760,3584,assets/obseg/prop/ParticZ,1,1
8027344,2320,assets/obseg/prop/PartictrailerZ,1,1
8029664,576,assets/obseg/prop/PbarricadeZ,1,1
8030240,848,assets/obseg/prop/Pbin1Z,1,1
8031088,224,assets/obseg/prop/Pblotter1Z,1,1
8031312,1184,assets/obseg/prop/PbodyarmourZ,1,1
8032496,1056,assets/obseg/prop/PbodyarmourvestZ,1,1
8033552,512,assets/obseg/prop/PbollardZ,1,1
8034064,368,assets/obseg/prop/PbombZ,1,1
8034432,400,assets/obseg/prop/Pbook1Z,1,1
8034832,1776,assets/obseg/prop/Pbookshelf1Z,1,1
8036608,368,assets/obseg/prop/Pborg_crateZ,1,1
8036976,512,assets/obseg/prop/PboxcartridgesZ,1,1
8037488,1072,assets/obseg/prop/Pboxes2x4Z,1,1
8038560,1088,assets/obseg/prop/Pboxes3x4Z,1,1
8039648,1632,assets/obseg/prop/Pboxes4x4Z,1,1
8041280,880,assets/obseg/prop/PbrakeunitZ,1,1
8042160,1408,assets/obseg/prop/Pbridge_console,1,1
8043568,1376,assets/obseg/prop/Pbridge_console,1,1
8044944,1408,assets/obseg/prop/Pbridge_console,1,1
8046352,1264,assets/obseg/prop/Pbridge_console,1,1
8047616,1360,assets/obseg/prop/Pbridge_console,1,1
8048976,1424,assets/obseg/prop/Pbridge_console,1,1
8050400,3296,assets/obseg/prop/PcarbmwZ,1,1
8053696,512,assets/obseg/prop/Pcard_box1Z,1,1
8054208,576,assets/obseg/prop/Pcard_box2Z,1,1
8054784,496,assets/obseg/prop/Pcard_box3Z,1,1
8055280,432,assets/obseg/prop/Pcard_box4_lgZ,1,1
8055712,512,assets/obseg/prop/Pcard_box5_lgZ,1,1
8056224,496,assets/obseg/prop/Pcard_box6_lgZ,1,1
8056720,3072,assets/obseg/prop/PcarescortZ,1,1
8059792,3120,assets/obseg/prop/PcargolfZ,1,1
8062912,4416,assets/obseg/prop/PcarweirdZ,1,1
8067328,5632,assets/obseg/prop/PcarzilZ,1,1
8072960,896,assets/obseg/prop/PcctvZ,1,1
8073856,1376,assets/obseg/prop/PchraudiotapeZ,1,1
8075232,864,assets/obseg/prop/PchrautoshotZ,1,1
8076096,2176,assets/obseg/prop/PchrblackboxZ,1,1
8078272,336,assets/obseg/prop/PchrblueprintsZ,1,1
8078608,496,assets/obseg/prop/PchrbombcaseZ,1,1
8079104,2272,assets/obseg/prop/PchrbombdefuserZ,1,1
8081376,400,assets/obseg/prop/PchrbriefcaseZ,1,1
8081776,3504,assets/obseg/prop/PchrbugZ,1,1
8085280,368,assets/obseg/prop/PchrbugdetectorZ,1,1
8085648,368,assets/obseg/prop/PchrbungeeZ,1,1
8086016,1680,assets/obseg/prop/PchrcameraZ,1,1
8087696,416,assets/obseg/prop/Pchrcircuitboard,1,1
8088112,640,assets/obseg/prop/PchrclipboardZ,1,1
8088752,368,assets/obseg/prop/PchrcreditcardZ,1,1
8089120,368,assets/obseg/prop/PchrdarkglassesZ,1,1
8089488,416,assets/obseg/prop/PchrdatathiefZ,1,1
8089904,496,assets/obseg/prop/PchrdattapeZ,1,1
8090400,2144,assets/obseg/prop/PchrdoordecoderZ,1,1
8092544,368,assets/obseg/prop/Pchrdoorexploder,1,1
8092912,1232,assets/obseg/prop/PchrdossierredZ,1,1
8094144,368,assets/obseg/prop/PchrdynamiteZ,1,1
8094512,368,assets/obseg/prop/Pchrexplosivepen,1,1
8094880,1280,assets/obseg/prop/Pchrextinguisher,1,1
8096160,368,assets/obseg/prop/PchrfingergunZ,1,1
8096528,368,assets/obseg/prop/PchrflarepistolZ,1,1
8096896,1120,assets/obseg/prop/Pchrfnp90Z,1,1
8098016,3856,assets/obseg/prop/PchrgaskeyringZ,1,1
8101872,368,assets/obseg/prop/PchrgoldbarZ,1,1
8102240,624,assets/obseg/prop/PchrgoldenZ,1,1
8102864,3744,assets/obseg/prop/Pchrgoldeneyekey,1,1
8106608,368,assets/obseg/prop/PchrgoldwppkZ,1,1
8106976,880,assets/obseg/prop/PchrgrenadeZ,1,1
8107856,912,assets/obseg/prop/Pchrgrenadelauncher,1,1
8108768,624,assets/obseg/prop/Pchrgrenaderound,1,1
8109392,368,assets/obseg/prop/PchrheroinZ,1,1
8109760,1008,assets/obseg/prop/PchrkalashZ,1,1
8110768,496,assets/obseg/prop/Pchrkeyanalyser,1,1
8111264,3744,assets/obseg/prop/PchrkeyboltZ,1,1
8115008,5216,assets/obseg/prop/PchrkeyyaleZ,1,1
8120224,512,assets/obseg/prop/PchrknifeZ,1,1
8120736,960,assets/obseg/prop/PchrlaserZ,1,1
8121696,368,assets/obseg/prop/PchrlectreZ,1,1
8122064,368,assets/obseg/prop/Pchrlockexploder,1,1
8122432,976,assets/obseg/prop/Pchrm16Z,1,1
8123408,336,assets/obseg/prop/PchrmapZ,1,1
8123744,2288,assets/obseg/prop/PchrmicrocameraZ,1,1
8126032,368,assets/obseg/prop/PchrmicrocodeZ,1,1
8126400,368,assets/obseg/prop/PchrmicrofilmZ,1,1
8126768,368,assets/obseg/prop/PchrmoneyZ,1,1
8127136,896,assets/obseg/prop/Pchrmp5kZ,1,1
8128032,1040,assets/obseg/prop/Pchrmp5ksilZ,1,1
8129072,368,assets/obseg/prop/PchrpitongunZ,1,1
8129440,656,assets/obseg/prop/PchrplansZ,1,1
8130096,1120,assets/obseg/prop/PchrplastiqueZ,1,1
8131216,2240,assets/obseg/prop/Pchrpolarizedglasses,1,1
8133456,1120,assets/obseg/prop/Pchrproximitymine,1,1
8134576,1120,assets/obseg/prop/PchrremotemineZ,1,1
8135696,1456,assets/obseg/prop/PchrrocketZ,1,1
8137152,992,assets/obseg/prop/Pchrrocketlauncher,1,1
8138144,992,assets/obseg/prop/PchrrugerZ,1,1
8139136,496,assets/obseg/prop/Pchrsafecracker,1,1
8139632,848,assets/obseg/prop/PchrshotgunZ,1,1
8140480,368,assets/obseg/prop/PchrsilverwppkZ,1,1
8140848,896,assets/obseg/prop/PchrskorpionZ,1,1
8141744,912,assets/obseg/prop/PchrsniperrifleZ,1,1
8142656,880,assets/obseg/prop/PchrspectreZ,1,1
8143536,368,assets/obseg/prop/PchrspooltapeZ,1,1
8143904,368,assets/obseg/prop/PchrspyfileZ,1,1
8144272,544,assets/obseg/prop/PchrstafflistZ,1,1
8144816,448,assets/obseg/prop/PchrtesttubeZ,1,1
8145264,544,assets/obseg/prop/PchrthrowknifeZ,1,1
8145808,1328,assets/obseg/prop/PchrtimedmineZ,1,1
8147136,656,assets/obseg/prop/Pchrtt33Z,1,1
8147792,720,assets/obseg/prop/PchruziZ,1,1
8148512,720,assets/obseg/prop/PchrvideotapeZ,1,1
8149232,512,assets/obseg/prop/PchrweaponcaseZ,1,1
8149744,576,assets/obseg/prop/PchrwppkZ,1,1
8150320,736,assets/obseg/prop/PchrwppksilZ,1,1
8151056,368,assets/obseg/prop/PchrwristdartZ,1,1
8151424,1664,assets/obseg/prop/Pconsole1Z,1,1
8153088,1664,assets/obseg/prop/Pconsole2Z,1,1
8154752,1680,assets/obseg/prop/Pconsole3Z,1,1
8156432,1056,assets/obseg/prop/Pconsole_sev2aZ,1,1
8157488,1216,assets/obseg/prop/Pconsole_sev2bZ,1,1
8158704,1088,assets/obseg/prop/Pconsole_sev2cZ,1,1
8159792,1072,assets/obseg/prop/Pconsole_sev2dZ,1,1
8160864,1072,assets/obseg/prop/Pconsole_sev_GE,1,1
8161936,1072,assets/obseg/prop/Pconsole_sev_GE,1,1
8163008,1152,assets/obseg/prop/Pconsole_sevaZ,1,1
8164160,1136,assets/obseg/prop/Pconsole_sevbZ,1,1
8165296,1072,assets/obseg/prop/Pconsole_sevcZ,1,1
8166368,1072,assets/obseg/prop/Pconsole_sevdZ,1,1
8167440,400,assets/obseg/prop/Pcryptdoor1aZ,1,1
8167840,400,assets/obseg/prop/Pcryptdoor1bZ,1,1
8168240,400,assets/obseg/prop/Pcryptdoor2aZ,1,1
8168640,400,assets/obseg/prop/Pcryptdoor2bZ,1,1
8169040,624,assets/obseg/prop/Pcryptdoor3Z,1,1
8169664,384,assets/obseg/prop/Pcryptdoor4Z,1,1
8170048,640,assets/obseg/prop/PdamchaindoorZ,1,1
8170688,544,assets/obseg/prop/PdamgatedoorZ,1,1
8171232,880,assets/obseg/prop/PdamtundoorZ,1,1
8172112,416,assets/obseg/prop/Pdepot_door_ste,1,1
8172528,576,assets/obseg/prop/Pdepot_gate_ent,1,1
8173104,384,assets/obseg/prop/Pdesk1Z,1,1
8173488,384,assets/obseg/prop/Pdesk2Z,1,1
8173872,576,assets/obseg/prop/Pdesk_arecibo1Z,1,1
8174448,768,assets/obseg/prop/Pdesk_lamp2Z,1,1
8175216,6384,assets/obseg/prop/Pdest_engineZ,1,1
8181600,1632,assets/obseg/prop/Pdest_exocetZ,1,1
8183232,1648,assets/obseg/prop/Pdest_gunZ,1,1
8184880,2208,assets/obseg/prop/Pdest_harpoonZ,1,1
8187088,4016,assets/obseg/prop/Pdest_seawolfZ,1,1
8191104,448,assets/obseg/prop/Pdisc_readerZ,1,1
8191552,400,assets/obseg/prop/Pdisk_drive1Z,1,1
8191952,384,assets/obseg/prop/Pdoor_azt_chairZ,1,1
8192336,1088,assets/obseg/prop/Pdoor_azt_deskZ,1,1
8193424,912,assets/obseg/prop/Pdoor_azt_desk_,1,1
8194336,560,assets/obseg/prop/Pdoor_aztecZ,1,1
8194896,768,assets/obseg/prop/Pdoor_dest1Z,1,1
8195664,960,assets/obseg/prop/Pdoor_dest2Z,1,1
8196624,1376,assets/obseg/prop/Pdoor_eyelidZ,1,1
8198000,2640,assets/obseg/prop/Pdoor_irisZ,1,1
8200640,752,assets/obseg/prop/Pdoor_mfZ,1,1
8201392,880,assets/obseg/prop/Pdoor_roller1Z,1,1
8202272,576,assets/obseg/prop/Pdoor_roller2Z,1,1
8202848,576,assets/obseg/prop/Pdoor_roller3Z,1,1
8203424,608,assets/obseg/prop/Pdoor_roller4Z,1,1
8204032,304,assets/obseg/prop/Pdoor_rollertra,1,1
8204336,608,assets/obseg/prop/Pdoor_st_arec1Z,1,1
8204944,736,assets/obseg/prop/Pdoor_st_arec2Z,1,1
8205680,416,assets/obseg/prop/Pdoor_winZ,1,1
8206096,1136,assets/obseg/prop/PdoorconsoleZ,1,1
8207232,880,assets/obseg/prop/PdoorpanelZ,1,1
8208112,336,assets/obseg/prop/Pdoorprison1Z,1,1
8208448,512,assets/obseg/prop/PdoorstatgateZ,1,1
8208960,288,assets/obseg/prop/PexplosionbitZ,1,1
8209248,384,assets/obseg/prop/Pfiling_cabinet,1,1
8209632,304,assets/obseg/prop/PflagZ,1,1
8209936,800,assets/obseg/prop/PfloppyZ,1,1
8210736,416,assets/obseg/prop/Pfnp90magZ,1,1
8211152,896,assets/obseg/prop/Pgas_plant_met1,1,1
8212048,480,assets/obseg/prop/Pgas_plant_sw2_,1,1
8212528,512,assets/obseg/prop/Pgas_plant_sw3_,1,1
8213040,352,assets/obseg/prop/Pgas_plant_sw4_,1,1
8213392,656,assets/obseg/prop/Pgas_plant_sw_d,1,1
8214048,528,assets/obseg/prop/Pgas_plant_wc_c,1,1
8214576,528,assets/obseg/prop/PgasbarrelZ,1,1
8215104,1344,assets/obseg/prop/PgasbarrelsZ,1,1
8216448,1376,assets/obseg/prop/Pgasplant_clear,1,1
8217824,1456,assets/obseg/prop/PgastankZ,1,1
8219280,352,assets/obseg/prop/Pglassware1Z,1,1
8219632,656,assets/obseg/prop/Pglassware2Z,1,1
8220288,528,assets/obseg/prop/Pglassware3Z,1,1
8220816,1408,assets/obseg/prop/Pglassware4Z,1,1
8222224,3760,assets/obseg/prop/PgoldeneyelogoZ,1,1
8225984,512,assets/obseg/prop/PgoldenshellsZ,1,1
8226496,2000,assets/obseg/prop/PgroundgunZ,1,1
8228496,1856,assets/obseg/prop/Pgun_runway1Z,1,1
8230352,672,assets/obseg/prop/PhatberetZ,1,1
8231024,720,assets/obseg/prop/PhatberetblueZ,1,1
8231744,736,assets/obseg/prop/PhatberetredZ,1,1
8232480,208,assets/obseg/prop/PhatchboltZ,1,1
8232688,544,assets/obseg/prop/PhatchdoorZ,1,1
8233232,368,assets/obseg/prop/PhatchsevxZ,1,1
8233600,560,assets/obseg/prop/PhatfurryZ,1,1
8234160,544,assets/obseg/prop/PhatfurryblackZ,1,1
8234704,528,assets/obseg/prop/PhatfurrybrownZ,1,1
8235232,560,assets/obseg/prop/PhathelmetZ,1,1
8235792,560,assets/obseg/prop/PhathelmetgreyZ,1,1
8236352,992,assets/obseg/prop/PhatmoonZ,1,1
8237344,784,assets/obseg/prop/PhatpeakedZ,1,1
8238128,592,assets/obseg/prop/PhattbirdZ,1,1
8238720,624,assets/obseg/prop/PhattbirdbrownZ,1,1
8239344,16928,assets/obseg/prop/PhelicopterZ,1,1
8256272,6000,assets/obseg/prop/PhindZ,1,1
8262272,4448,assets/obseg/prop/PjeepZ,1,1
8266720,608,assets/obseg/prop/Pjerry_can1Z,1,1
8267328,1920,assets/obseg/prop/Pjungle3_treeZ,1,1
8269248,1328,assets/obseg/prop/Pjungle5_treeZ,1,1
8270576,848,assets/obseg/prop/Pkey_holderZ,1,1
8271424,368,assets/obseg/prop/Pkeyboard1Z,1,1
8271792,672,assets/obseg/prop/Pkit_units1Z,1,1
8272464,976,assets/obseg/prop/PlabbenchZ,1,1
8273440,624,assets/obseg/prop/PlandmineZ,1,1
8274064,4032,assets/obseg/prop/PlegalpageZ,1,1
8278096,352,assets/obseg/prop/Pletter_tray1Z,1,1
8278448,400,assets/obseg/prop/Plocker3Z,1,1
8278848,400,assets/obseg/prop/Plocker4Z,1,1
8279248,320,assets/obseg/prop/Pm16magZ,1,1
8279568,512,assets/obseg/prop/PmagnumshellsZ,1,1
8280080,768,assets/obseg/prop/Pmainframe1Z,1,1
8280848,720,assets/obseg/prop/Pmainframe2Z,1,1
8281568,832,assets/obseg/prop/Pmetal_chair1Z,1,1
8282400,448,assets/obseg/prop/Pmetal_crate1Z,1,1
8282848,448,assets/obseg/prop/Pmetal_crate2Z,1,1
8283296,448,assets/obseg/prop/Pmetal_crate3Z,1,1
8283744,448,assets/obseg/prop/Pmetal_crate4Z,1,1
8284192,6368,assets/obseg/prop/PmilcopterZ,1,1
8290560,8960,assets/obseg/prop/PmiltruckZ,1,1
8299520,2576,assets/obseg/prop/Pmissile_rack2Z,1,1
8302096,992,assets/obseg/prop/Pmissile_rackZ,1,1
8303088,832,assets/obseg/prop/PmodemboxZ,1,1
8303920,3776,assets/obseg/prop/PmotorbikeZ,1,1
8307696,336,assets/obseg/prop/Pmp5kmagZ,1,1
8308032,10976,assets/obseg/prop/PnintendologoZ,1,1
8319008,624,assets/obseg/prop/Poil_drum1Z,1,1
8319632,752,assets/obseg/prop/Poil_drum2Z,1,1
8320384,752,assets/obseg/prop/Poil_drum3Z,1,1
8321136,752,assets/obseg/prop/Poil_drum5Z,1,1
8321888,784,assets/obseg/prop/Poil_drum6Z,1,1
8322672,768,assets/obseg/prop/Poil_drum7Z,1,1
8323440,2640,assets/obseg/prop/PpadlockZ,1,1
8326080,1104,assets/obseg/prop/PpalmZ,1,1
8327184,1232,assets/obseg/prop/PpalmtreeZ,1,1
8328416,320,assets/obseg/prop/Pphone1Z,1,1
8328736,9696,assets/obseg/prop/PplaneZ,1,1
8338432,960,assets/obseg/prop/Pplant11Z,1,1
8339392,912,assets/obseg/prop/Pplant1Z,1,1
8340304,864,assets/obseg/prop/Pplant2Z,1,1
8341168,1040,assets/obseg/prop/Pplant2bZ,1,1
8342208,1104,assets/obseg/prop/Pplant3Z,1,1
8343312,432,assets/obseg/prop/Pradio_unit1Z,1,1
8343744,448,assets/obseg/prop/Pradio_unit2Z,1,1
8344192,448,assets/obseg/prop/Pradio_unit3Z,1,1
8344640,448,assets/obseg/prop/Pradio_unit4Z,1,1
8345088,1632,assets/obseg/prop/ProofgunZ,1,1
8346720,848,assets/obseg/prop/PsafeZ,1,1
8347568,1264,assets/obseg/prop/PsafedoorZ,1,1
8348832,5488,assets/obseg/prop/Psat1_reflectZ,1,1
8354320,288,assets/obseg/prop/PsatboxZ,1,1
8354608,1120,assets/obseg/prop/PsatdishZ,1,1
8355728,416,assets/obseg/prop/Psec_panelZ,1,1
8356144,656,assets/obseg/prop/Psev_door3Z,1,1
8356800,912,assets/obseg/prop/Psev_door3_windZ,1,1
8357712,992,assets/obseg/prop/Psev_door4_windZ,1,1
8358704,848,assets/obseg/prop/Psev_doorZ,1,1
8359552,816,assets/obseg/prop/Psev_door_v1Z,1,1
8360368,944,assets/obseg/prop/Psev_trislideZ,1,1
8361312,3872,assets/obseg/prop/PsevdishZ,1,1
8365184,736,assets/obseg/prop/Psevdoormetslid,1,1
8365920,368,assets/obseg/prop/PsevdoornowindZ,1,1
8366288,1072,assets/obseg/prop/PsevdoorwindZ,1,1
8367360,944,assets/obseg/prop/PsevdoorwoodZ,1,1
8368304,10752,assets/obseg/prop/PshuttleZ,1,1
8379056,3120,assets/obseg/prop/Pshuttle_door_lZ,1,1
8382176,3328,assets/obseg/prop/Pshuttle_door_rZ,1,1
8385504,416,assets/obseg/prop/PsilencerZ,1,1
8385920,576,assets/obseg/prop/Psilo_lift_doorZ,1,1
8386496,752,assets/obseg/prop/PsilotopdoorZ,1,1
8387248,352,assets/obseg/prop/PskorpionmagZ,1,1
8387600,368,assets/obseg/prop/PspectremagZ,1,1
8387968,3392,assets/obseg/prop/PspeedboatZ,1,1
8391360,12608,assets/obseg/prop/Pst_pete_room_1,1,1
8403968,12768,assets/obseg/prop/Pst_pete_room_2,1,1
8416736,12096,assets/obseg/prop/Pst_pete_room_3,1,1
8428832,13712,assets/obseg/prop/Pst_pete_room_5,1,1
8442544,13328,assets/obseg/prop/Pst_pete_room_6,1,1
8455872,624,assets/obseg/prop/Psteel_door1Z,1,1
8456496,688,assets/obseg/prop/Psteel_door2Z,1,1
8457184,720,assets/obseg/prop/Psteel_door2bZ,1,1
8457904,720,assets/obseg/prop/Psteel_door3Z,1,1
8458624,704,assets/obseg/prop/Pstool1Z,1,1
8459328,400,assets/obseg/prop/Pswipe_card2Z,1,1
8459728,656,assets/obseg/prop/Pswivel_chair1Z,1,1
8460384,6816,assets/obseg/prop/PtankZ,1,1
8467200,7824,assets/obseg/prop/PtigerZ,1,1
8475024,2176,assets/obseg/prop/Ptorpedo_rackZ,1,1
8477200,976,assets/obseg/prop/Ptrain_door2Z,1,1
8478176,1056,assets/obseg/prop/Ptrain_door3Z,1,1
8479232,624,assets/obseg/prop/Ptrain_doorZ,1,1
8479856,832,assets/obseg/prop/PtrainextdoorZ,1,1
8480688,320,assets/obseg/prop/Ptt33magZ,1,1
8481008,1312,assets/obseg/prop/Ptuning_console,1,1
8482320,464,assets/obseg/prop/Ptv1Z,1,1
8482784,416,assets/obseg/prop/Ptv4screenZ,1,1
8483200,1744,assets/obseg/prop/Ptv_holderZ,1,1
8484944,208,assets/obseg/prop/PtvscreenZ,1,1
8485152,320,assets/obseg/prop/PuzimagZ,1,1
8485472,1552,assets/obseg/prop/PvertdoorZ,1,1
8487024,5552,assets/obseg/prop/PwalletbondZ,1,1
8492576,240,assets/obseg/prop/PwindowZ,1,1
8492816,224,assets/obseg/prop/Pwindow_cor11Z,1,1
8493040,224,assets/obseg/prop/Pwindow_lib_lg1Z,1,1
8493264,240,assets/obseg/prop/Pwindow_lib_sm1Z,1,1
8493504,640,assets/obseg/prop/Pwood_lg_crate1Z,1,1
8494144,544,assets/obseg/prop/Pwood_lg_crate2Z,1,1
8494688,544,assets/obseg/prop/Pwood_md_crate3Z,1,1
8495232,608,assets/obseg/prop/Pwood_sm_crate4Z,1,1
8495840,608,assets/obseg/prop/Pwood_sm_crate5Z,1,1
8496448,544,assets/obseg/prop/Pwood_sm_crate6Z,1,1
8496992,880,assets/obseg/prop/Pwooden_table1Z,1,1
8497872,320,assets/obseg/prop/PwppkmagZ,1,1
8498192,6448,assets/obseg/stan/Tbg_ame_all_p_stanZ,1,0
8504640,23792,assets/obseg/stan/Tbg_arch_all_p_stanZ,1,0
8528432,33616,assets/obseg/stan/Tbg_arec_all_p_stanZ,1,0
8562048,36800,assets/obseg/stan/Tbg_ark_all_p_stanZ,1,0
8598848,6448,assets/obseg/stan/Tbg_ash_all_p_stanZ,1,0
8605296,21888,assets/obseg/stan/Tbg_azt_all_p_stanZ,1,0
8627184,10032,assets/obseg/stan/Tbg_cat_all_p_stanZ,1,0
8637216,20208,assets/obseg/stan/Tbg_cave_all_p_stanZ,1,0
8657424,10512,assets/obseg/stan/Tbg_crad_all_p_stanZ,1,0
8667936,12400,assets/obseg/stan/Tbg_cryp_all_p_stanZ,1,0
8680336,41952,assets/obseg/stan/Tbg_dam_all_p_stanZ,1,0
8722288,28480,assets/obseg/stan/Tbg_depo_all_p_stanZ,1,0
8750768,26864,assets/obseg/stan/Tbg_dest_all_p_stanZ,1,0
8777632,2832,assets/obseg/stan/Tbg_dish_all_p_stanZ,1,0

8780464,0,assets/obseg/stan/Tbg_ear_all_p_stanZ,1,0
8780464,0,assets/obseg/stan/Tbg_eld_all_p_stanZ,1,0

8780464,6448,assets/obseg/stan/Tbg_imp_all_p_stanZ,1,0
8786912,29008,assets/obseg/stan/Tbg_jun_all_p_stanZ,1,0

8815920,0,assets/obseg/stan/Tbg_lee_all_p_stanZ,1,0

8815920,2752,assets/obseg/stan/Tbg_len_all_p_stanZ,1,0

8818672,0,assets/obseg/stan/Tbg_lip_all_p_stanZ,1,0
8818672,0,assets/obseg/stan/Tbg_lue_all_p_stanZ,1,0

8818672,6400,assets/obseg/stan/Tbg_oat_all_p_stanZ,1,0

8825072,0,assets/obseg/stan/Tbg_pam_all_p_stanZ,1,0

8825072,18064,assets/obseg/stan/Tbg_pete_all_p_stanZ,1,0
8843136,7632,assets/obseg/stan/Tbg_ref_all_p_stanZ,1,0

8850768,0,assets/obseg/stan/Tbg_rit_all_p_stanZ,1,0

8850768,6784,assets/obseg/stan/Tbg_run_all_p_stanZ,1,0
8857552,15824,assets/obseg/stan/Tbg_sev_all_p_stanZ,1,0
8873376,20288,assets/obseg/stan/Tbg_sevb_all_p_stanZ,1,0
8893664,37680,assets/obseg/stan/Tbg_sevx_all_p_stanZ,1,0
8931344,37024,assets/obseg/stan/Tbg_silo_all_p_stanZ,1,0
8968368,20160,assets/obseg/stan/Tbg_stat_all_p_stanZ,1,0
8988528,9168,assets/obseg/stan/Tbg_tra_all_p_stanZ,1,0

8997696,0,assets/obseg/stan/Tbg_wax_all_p_stanZ,1,0

8997696,32,assets/obseg/brief/UbriefarchZ,1,0
8997728,32,assets/obseg/brief/UbriefarkZ,1,0
8997760,32,assets/obseg/brief/UbriefaztZ,1,0
8997792,32,assets/obseg/brief/UbriefcaveZ,1,0
8997824,32,assets/obseg/brief/UbriefcontrolZ,1,0
8997856,32,assets/obseg/brief/UbriefcradZ,1,0
8997888,32,assets/obseg/brief/UbriefcrypZ,1,0
8997920,32,assets/obseg/brief/UbriefdamZ,1,0
8997952,32,assets/obseg/brief/UbriefdepoZ,1,0
8997984,32,assets/obseg/brief/UbriefdestZ,1,0
8998016,32,assets/obseg/brief/UbriefjunZ,1,0
8998048,32,assets/obseg/brief/UbriefpeteZ,1,0
8998080,32,assets/obseg/brief/UbriefrunZ,1,0
8998112,32,assets/obseg/brief/UbriefsevbZ,1,0
8998144,32,assets/obseg/brief/UbriefsevbunkerZ,1,0
8998176,32,assets/obseg/brief/UbriefsevxZ,1,0
8998208,32,assets/obseg/brief/UbriefsevxbZ,1,0
8998240,32,assets/obseg/brief/UbriefsiloZ,1,0
8998272,32,assets/obseg/brief/UbriefstatueZ,1,0
8998304,32,assets/obseg/brief/UbrieftraZ,1,0
8998336,1824,Ump_setupameZ,1,0
9000160,11680,Ump_setuparchZ,1,0
9011840,7488,Ump_setuparkZ,1,0
9019328,1776,Ump_setupashZ,1,0
9021104,9568,Ump_setupcaveZ,1,0
9030672,2400,Ump_setupcradZ,1,0
9033072,3424,Ump_setupcrypZ,1,0
9036496,1008,Ump_setupdishZ,1,0
9037504,1600,Ump_setupimpZ,1,0
9039104,848,Ump_setupoatZ,1,0
9039952,1040,Ump_setuprefZ,1,0
9040992,4880,Ump_setupsevbZ,1,0
9045872,3712,Ump_setupstatueZ,1,0
9049584,17936,UsetuparchZ,1,0
9067520,15248,UsetuparkZ,1,0
9082768,10496,UsetupaztZ,1,0
9093264,15968,UsetupcaveZ,1,0
9109232,15104,UsetupcontrolZ,1,0
9124336,7216,UsetupcradZ,1,0
9131552,7824,UsetupcrypZ,1,0
9139376,17104,UsetupdamZ,1,0
9156480,12176,UsetupdepoZ,1,0
9168656,9040,UsetupdestZ,1,0
9177696,14096,UsetupjunZ,1,0
9191792,1520,UsetuplenZ,1,0
9193312,12160,UsetuppeteZ,1,0
9205472,6240,UsetuprunZ,1,0
9211712,9824,UsetupsevbZ,1,0
9221536,6704,UsetupsevbunkerZ,1,0
9228240,17168,UsetupsevxZ,1,0
9245408,16624,UsetupsevxbZ,1,0
9262032,10944,UsetupsiloZ,1,0
9272976,10192,UsetupstatueZ,1,0
9283168,12864,UsetuptraZ,1,0
9296032,16,LameE,1,1
9296048,16,LameJ,1,1
9296064,16,LameP,1,1
9296080,1584,LarchE,1,1
9297664,1632,LarchJ,1,1
9299296,1584,LarchP,1,1
9300880,1488,LarecE,1,1
9302368,1440,LarecJ,1,1
9303808,1488,LarecP,1,1
9305296,1696,LarkE,1,1
9306992,1680,LarkJ,1,1
9308672,1696,LarkP,1,1
9310368,16,LashE,1,1
9310384,16,LashJ,1,1
9310400,16,LashP,1,1
9310416,1088,LaztE,1,1
9311504,1104,LaztJ,1,1
9312608,1088,LaztP,1,1
9313696,16,LcatE,1,1
9313712,16,LcatJ,1,1
9313728,16,LcatP,1,1
9313744,1024,LcaveE,1,1
9314768,1120,LcaveJ,1,1
9315888,1024,LcaveP,1,1
9316912,1232,LcradE,1,1
9318144,1184,LcradJ,1,1
9319328,1232,LcradP,1,1
9320560,592,LcrypE,1,1
9321152,672,LcrypJ,1,1
9321824,592,LcrypP,1,1
9322416,1104,LdamE,1,1
9323520,1104,LdamJ,1,1
9324624,1104,LdamP,1,1
9325728,880,LdepoE,1,1
9326608,816,LdepoJ,1,1
9327424,880,LdepoP,1,1
9328304,1184,LdestE,1,1
9329488,1120,LdestJ,1,1
9330608,1184,LdestP,1,1
9331792,16,LdishE,1,1
9331808,16,LdishJ,1,1
9331824,16,LdishP,1,1
9331840,16,LearE,1,1
9331856,16,LearJ,1,1
9331872,16,LearP,1,1
9331888,16,LeldE,1,1
9331904,16,LeldJ,1,1
9331920,16,LeldP,1,1
9331936,1824,LgunE,1,1
9333760,1856,LgunJ,1,1
9335616,1824,LgunP,1,1
9337440,16,LimpE,1,1
9337456,16,LimpJ,1,1
9337472,16,LimpP,1,1
9337488,1312,LjunE,1,1
9338800,1328,LjunJ,1,1
9340128,1312,LjunP,1,1
9341440,16,LleeE,1,1
9341456,16,LleeJ,1,1
9341472,16,LleeP,1,1
9341488,1712,LlenE,1,1
9343200,1824,LlenJ,1,1
9345024,1712,LlenP,1,1
9346736,16,LlipE,1,1
9346752,16,LlipJ,1,1
9346768,16,LlipP,1,1
9346784,16,LlueE,1,1
9346800,16,LlueJ,1,1
9346816,16,LlueP,1,1
9346832,688,LmiscE,1,1
9347520,704,LmiscJ,1,1
9348224,688,LmiscP,1,1
9348912,416,LmpmenuE,1,1
9349328,416,LmpmenuJ,1,1
9349744,416,LmpmenuP,1,1
9350160,192,LmpweaponsE,1,1
9350352,208,LmpweaponsJ,1,1
9350560,192,LmpweaponsP,1,1
9350752,16,LoatE,1,1
9350768,16,LoatJ,1,1
9350784,16,LoatP,1,1
9350800,560,LoptionsE,1,1
9351360,576,LoptionsJ,1,1
9351936,560,LoptionsP,1,1
9352496,16,LpamE,1,1
9352512,16,LpamJ,1,1
9352528,16,LpamP,1,1
9352544,1152,LpeteE,1,1
9353696,1136,LpeteJ,1,1
9354832,1152,LpeteP,1,1
9355984,672,LpropobjE,1,1
9356656,672,LpropobjJ,1,1
9357328,672,LpropobjP,1,1
9358000,16,LrefE,1,1
9358016,16,LrefJ,1,1
9358032,16,LrefP,1,1
9358048,16,LritE,1,1
9358064,16,LritJ,1,1
9358080,16,LritP,1,1
9358096,624,LrunE,1,1
9358720,656,LrunJ,1,1
9359376,624,LrunP,1,1
9360000,1376,LsevE,1,1
9361376,1296,LsevJ,1,1
9362672,1376,LsevP,1,1
9364048,1872,LsevbE,1,1
9365920,2032,LsevbJ,1,1
9367952,1872,LsevbP,1,1
9369824,1120,LsevxE,1,1
9370944,976,LsevxJ,1,1
9371920,1120,LsevxP,1,1
9373040,1168,LsevxbE,1,1
9374208,1104,LsevxbJ,1,1
9375312,1168,LsevxbP,1,1
9376480,16,LshoE,1,1
9376496,16,LshoJ,1,1
9376512,16,LshoP,1,1
9376528,1456,LsiloE,1,1
9377984,1520,LsiloJ,1,1
9379504,1456,LsiloP,1,1
9380960,2336,LstatE,1,1
9383296,2128,LstatJ,1,1
9385424,2336,LstatP,1,1
9387760,2832,LtitleE,1,1
9390592,3056,LtitleJ,1,1
9393648,2832,LtitleP,1,1
9396480,1072,LtraE,1,1
9397552,1104,LtraJ,1,1
9398656,1072,LtraP,1,1
9399728,1376,LwaxE,1,1
9401104,1296,LwaxJ,1,1
9402400,16,LwaxP,1,1

